cohort,cohort_label,is_clinical,n_test,rule,partition,n_levels_admissible,level,level_n,level_n_pos,level_prevalence,level_lp_sd,level_lp_iqr,level_lp_mean,level_auc,partition_sd_ratio,partition_iqr_ratio,partition_min_lp_sd,partition_max_lp_sd,partition_observed_auc_gap,partition_level_prevalence_ratio
diabetes130,Diabetes 130,True,19890,m30,race,5,0,3809,437,0.11472827513783145,0.57032239379436,0.6834223691348069,-2.1759750722299764,0.6261065009731508,1.2400488097604687,1.1726030814317538,0.4599193106798152,0.57032239379436,0.1235725710459753,1.8250182550673548
diabetes130,Diabetes 130,True,19890,m30,race,5,1,96,8,0.08333333333333333,0.4599193106798152,0.606748590844894,-2.3868338461409944,0.7244318181818182,1.2400488097604687,1.1726030814317538,0.4599193106798152,0.57032239379436,0.1235725710459753,1.8250182550673548
diabetes130,Diabetes 130,True,19890,m30,race,5,2,15275,1803,0.11803600654664484,0.49945451074147235,0.5828249814083253,-2.163915784346839,0.6410663130069572,1.2400488097604687,1.1726030814317538,0.4599193106798152,0.57032239379436,0.1235725710459753,1.8250182550673548
diabetes130,Diabetes 130,True,19890,m30,race,5,3,402,26,0.06467661691542288,0.48141173743303495,0.6819569390668112,-2.332965518238077,0.6008592471358429,1.2400488097604687,1.1726030814317538,0.4599193106798152,0.57032239379436,0.1235725710459753,1.8250182550673548
diabetes130,Diabetes 130,True,19890,m30,race,5,4,308,32,0.1038961038961039,0.46371471458102054,0.6021610067073773,-2.2989290292849485,0.683990036231884,1.2400488097604687,1.1726030814317538,0.4599193106798152,0.57032239379436,0.1235725710459753,1.8250182550673548
diabetes130,Diabetes 130,True,19890,m30,gender,2,0,10590,1234,0.11652502360717658,0.5184714908140527,0.6016365568099584,-2.1555983362062516,0.6454490934149504,1.0215101992692017,1.0041151678932327,0.5075539051739006,0.5184714908140527,0.01348071459925726,1.0108980592786774
diabetes130,Diabetes 130,True,19890,m30,gender,2,1,9300,1072,0.11526881720430107,0.5075539051739006,0.6041123922519378,-2.1924058714170696,0.6319683788156931,1.0215101992692017,1.0041151678932327,0.5075539051739006,0.5184714908140527,0.01348071459925726,1.0108980592786774
diabetes130,Diabetes 130,True,19890,m30,age_group,9,1,130,11,0.08461538461538462,0.6471690459709021,0.7774994467926093,-2.972056626740284,0.7440794499618029,3.3035828296356273,3.940040701723781,0.33927920812373075,1.1208369664099294,0.21604857190810656,2.0162252445717015
diabetes130,Diabetes 130,True,19890,m30,age_group,9,2,381,65,0.17060367454068243,1.1208369664099294,1.6969942590845268,-1.9156269976950997,0.7872444011684518,3.3035828296356273,3.940040701723781,0.33927920812373075,1.1208369664099294,0.21604857190810656,2.0162252445717015
diabetes130,Diabetes 130,True,19890,m30,age_group,9,3,751,72,0.09587217043941411,0.6853683965237406,0.8936623971945257,-2.2435392676225394,0.6990877106856488,3.3035828296356273,3.940040701723781,0.33927920812373075,1.1208369664099294,0.21604857190810656,2.0162252445717015
diabetes130,Diabetes 130,True,19890,m30,age_group,9,4,1815,218,0.12011019283746556,0.6636933354887317,0.8524582185849228,-2.2829047678770693,0.7074043648354426,3.3035828296356273,3.940040701723781,0.33927920812373075,1.1208369664099294,0.21604857190810656,2.0162252445717015
diabetes130,Diabetes 130,True,19890,m30,age_group,9,5,3384,322,0.09515366430260047,0.5672258755932719,0.7333661094855344,-2.3226641416935525,0.652951831912727,3.3035828296356273,3.940040701723781,0.33927920812373075,1.1208369664099294,0.21604857190810656,2.0162252445717015
diabetes130,Diabetes 130,True,19890,m30,age_group,9,6,4392,505,0.11498178506375227,0.4402812779130659,0.5621694410968472,-2.1758259303900385,0.6155410138389708,3.3035828296356273,3.940040701723781,0.33927920812373075,1.1208369664099294,0.21604857190810656,2.0162252445717015
diabetes130,Diabetes 130,True,19890,m30,age_group,9,7,5109,631,0.12350753572127618,0.3909608568416338,0.4712067059605358,-2.088506124474632,0.6113273273315785,3.3035828296356273,3.940040701723781,0.33927920812373075,1.1208369664099294,0.21604857190810656,2.0162252445717015
diabetes130,Diabetes 130,True,19890,m30,age_group,9,8,3273,416,0.12710051940116102,0.3676586810494407,0.4307047534666548,-2.0626611883653765,0.5880769399046876,3.3035828296356273,3.940040701723781,0.33927920812373075,1.1208369664099294,0.21604857190810656,2.0162252445717015
diabetes130,Diabetes 130,True,19890,m30,age_group,9,9,624,66,0.10576923076923077,0.33927920812373075,0.4462897308556051,-2.135254983108565,0.5711958292603453,3.3035828296356273,3.940040701723781,0.33927920812373075,1.1208369664099294,0.21604857190810656,2.0162252445717015
diabetes130,Diabetes 130,True,19890,ev10,race,4,0,3809,437,0.11472827513783145,0.57032239379436,0.6834223691348069,-2.1759750722299764,0.6261065009731508,1.2298992804437154,1.1726030814317538,0.46371471458102054,0.57032239379436,0.0831307890960411,1.8250182550673548
diabetes130,Diabetes 130,True,19890,ev10,race,4,2,15275,1803,0.11803600654664484,0.49945451074147235,0.5828249814083253,-2.163915784346839,0.6410663130069572,1.2298992804437154,1.1726030814317538,0.46371471458102054,0.57032239379436,0.0831307890960411,1.8250182550673548
diabetes130,Diabetes 130,True,19890,ev10,race,4,3,402,26,0.06467661691542288,0.48141173743303495,0.6819569390668112,-2.332965518238077,0.6008592471358429,1.2298992804437154,1.1726030814317538,0.46371471458102054,0.57032239379436,0.0831307890960411,1.8250182550673548
diabetes130,Diabetes 130,True,19890,ev10,race,4,4,308,32,0.1038961038961039,0.46371471458102054,0.6021610067073773,-2.2989290292849485,0.683990036231884,1.2298992804437154,1.1726030814317538,0.46371471458102054,0.57032239379436,0.0831307890960411,1.8250182550673548
diabetes130,Diabetes 130,True,19890,ev10,gender,2,0,10590,1234,0.11652502360717658,0.5184714908140527,0.6016365568099584,-2.1555983362062516,0.6454490934149504,1.0215101992692017,1.0041151678932327,0.5075539051739006,0.5184714908140527,0.01348071459925726,1.0108980592786774
diabetes130,Diabetes 130,True,19890,ev10,gender,2,1,9300,1072,0.11526881720430107,0.5075539051739006,0.6041123922519378,-2.1924058714170696,0.6319683788156931,1.0215101992692017,1.0041151678932327,0.5075539051739006,0.5184714908140527,0.01348071459925726,1.0108980592786774
diabetes130,Diabetes 130,True,19890,ev10,age_group,9,1,130,11,0.08461538461538462,0.6471690459709021,0.7774994467926093,-2.972056626740284,0.7440794499618029,3.3035828296356273,3.940040701723781,0.33927920812373075,1.1208369664099294,0.21604857190810656,2.0162252445717015
diabetes130,Diabetes 130,True,19890,ev10,age_group,9,2,381,65,0.17060367454068243,1.1208369664099294,1.6969942590845268,-1.9156269976950997,0.7872444011684518,3.3035828296356273,3.940040701723781,0.33927920812373075,1.1208369664099294,0.21604857190810656,2.0162252445717015
diabetes130,Diabetes 130,True,19890,ev10,age_group,9,3,751,72,0.09587217043941411,0.6853683965237406,0.8936623971945257,-2.2435392676225394,0.6990877106856488,3.3035828296356273,3.940040701723781,0.33927920812373075,1.1208369664099294,0.21604857190810656,2.0162252445717015
diabetes130,Diabetes 130,True,19890,ev10,age_group,9,4,1815,218,0.12011019283746556,0.6636933354887317,0.8524582185849228,-2.2829047678770693,0.7074043648354426,3.3035828296356273,3.940040701723781,0.33927920812373075,1.1208369664099294,0.21604857190810656,2.0162252445717015
diabetes130,Diabetes 130,True,19890,ev10,age_group,9,5,3384,322,0.09515366430260047,0.5672258755932719,0.7333661094855344,-2.3226641416935525,0.652951831912727,3.3035828296356273,3.940040701723781,0.33927920812373075,1.1208369664099294,0.21604857190810656,2.0162252445717015
diabetes130,Diabetes 130,True,19890,ev10,age_group,9,6,4392,505,0.11498178506375227,0.4402812779130659,0.5621694410968472,-2.1758259303900385,0.6155410138389708,3.3035828296356273,3.940040701723781,0.33927920812373075,1.1208369664099294,0.21604857190810656,2.0162252445717015
diabetes130,Diabetes 130,True,19890,ev10,age_group,9,7,5109,631,0.12350753572127618,0.3909608568416338,0.4712067059605358,-2.088506124474632,0.6113273273315785,3.3035828296356273,3.940040701723781,0.33927920812373075,1.1208369664099294,0.21604857190810656,2.0162252445717015
diabetes130,Diabetes 130,True,19890,ev10,age_group,9,8,3273,416,0.12710051940116102,0.3676586810494407,0.4307047534666548,-2.0626611883653765,0.5880769399046876,3.3035828296356273,3.940040701723781,0.33927920812373075,1.1208369664099294,0.21604857190810656,2.0162252445717015
diabetes130,Diabetes 130,True,19890,ev10,age_group,9,9,624,66,0.10576923076923077,0.33927920812373075,0.4462897308556051,-2.135254983108565,0.5711958292603453,3.3035828296356273,3.940040701723781,0.33927920812373075,1.1208369664099294,0.21604857190810656,2.0162252445717015
brfss2024,BRFSS 2024,True,8978,m30,age_group,5,1,234,9,0.038461538461538464,1.0096522787558728,1.0955013544371544,-3.952906699260585,0.7664197530864197,1.2846866285651966,1.312562953531384,0.8331377612329777,1.0703209416087498,0.06838591095467761,7.172785729101846
brfss2024,BRFSS 2024,True,8978,m30,age_group,5,2,611,32,0.05237315875613748,1.0703209416087498,1.4379144933776629,-3.315377933241682,0.7852979274611399,1.2846866285651966,1.312562953531384,0.8331377612329777,1.0703209416087498,0.06838591095467761,7.172785729101846
brfss2024,BRFSS 2024,True,8978,m30,age_group,5,3,1219,138,0.11320754716981132,0.904773323410331,1.1611794526603487,-2.298380250375412,0.76760313182909,1.2846866285651966,1.312562953531384,0.8331377612329777,1.0703209416087498,0.06838591095467761,7.172785729101846
brfss2024,BRFSS 2024,True,8978,m30,age_group,5,4,2049,383,0.18692044899951196,0.907148671743677,1.2707466153835765,-1.6715671261256044,0.7599909415463313,1.2846866285651966,1.312562953531384,0.8331377612329777,1.0703209416087498,0.06838591095467761,7.172785729101846
brfss2024,BRFSS 2024,True,8978,m30,age_group,5,5,4821,1330,0.27587637419622485,0.8331377612329777,1.1835833190877842,-1.1274909658695773,0.7169120165064623,1.2846866285651966,1.312562953531384,0.8331377612329777,1.0703209416087498,0.06838591095467761,7.172785729101846
brfss2024,BRFSS 2024,True,8978,m30,sex,2,0,4484,744,0.16592328278322926,1.1608972324797717,1.456078938985205,-1.9896440942432392,0.7656821416249784,1.1130054617947456,1.1041511661013177,1.0430292324062809,1.1608972324797717,0.013565099277883408,1.5395772619167252
brfss2024,BRFSS 2024,True,8978,m30,sex,2,1,4494,1148,0.2554517133956386,1.0430292324062809,1.3187315140249503,-1.3049153260786677,0.752117042347095,1.1130054617947456,1.1041511661013177,1.0430292324062809,1.1608972324797717,0.013565099277883408,1.5395772619167252
brfss2024,BRFSS 2024,True,8978,m30,race,8,0,177,35,0.1977401129943503,1.1490638622376141,1.3792958028229816,-1.7228539099185847,0.769215291750503,1.334656893362393,1.723754476164806,1.054069908715807,1.4068216697534202,0.22373194766285132,3.4741784037558685
brfss2024,BRFSS 2024,True,8978,m30,race,8,1,185,15,0.08108108108108109,1.2946324443034434,1.7228183020890926,-2.360702450870386,0.7843137254901961,1.334656893362393,1.723754476164806,1.054069908715807,1.4068216697534202,0.22373194766285132,3.4741784037558685
brfss2024,BRFSS 2024,True,8978,m30,race,8,2,970,162,0.1670103092783505,1.1110440929640166,1.4558373080694051,-1.7141015162024495,0.7266226622662266,1.334656893362393,1.723754476164806,1.054069908715807,1.4068216697534202,0.22373194766285132,3.4741784037558685
brfss2024,BRFSS 2024,True,8978,m30,race,8,3,818,126,0.15403422982885084,1.2637294006641981,1.7239505604925456,-2.011305364457866,0.792744747224516,1.334656893362393,1.723754476164806,1.054069908715807,1.4068216697534202,0.22373194766285132,3.4741784037558685
brfss2024,BRFSS 2024,True,8978,m30,race,8,4,188,39,0.2074468085106383,1.1605004285002996,1.4972515443604986,-1.7619900533083475,0.8403028738599208,1.334656893362393,1.723754476164806,1.054069908715807,1.4068216697534202,0.22373194766285132,3.4741784037558685
brfss2024,BRFSS 2024,True,8978,m30,race,8,5,59,12,0.2033898305084746,1.4068216697534202,2.0592176416372006,-2.050797736820765,0.9503546099290779,1.334656893362393,1.723754476164806,1.054069908715807,1.4068216697534202,0.22373194766285132,3.4741784037558685
brfss2024,BRFSS 2024,True,8978,m30,race,8,6,71,20,0.28169014084507044,1.054069908715807,1.1946119184089192,-1.2343845679509853,0.8813725490196079,1.334656893362393,1.723754476164806,1.054069908715807,1.4068216697534202,0.22373194766285132,3.4741784037558685
brfss2024,BRFSS 2024,True,8978,m30,race,8,7,6510,1483,0.22780337941628265,1.1238463989692402,1.4288944218832766,-1.5662610965984303,0.7603314321141895,1.334656893362393,1.723754476164806,1.054069908715807,1.4068216697534202,0.22373194766285132,3.4741784037558685
brfss2024,BRFSS 2024,True,8978,m30,income,7,0,1500,230,0.15333333333333332,1.1623779471957425,1.4880894951905197,-2.1231205225962864,0.7862752482026704,1.0626965192521916,1.1045255570973649,1.0938004652670696,1.1623779471957425,0.04617875962570894,2.5451983524821156
brfss2024,BRFSS 2024,True,8978,m30,income,7,1,1179,299,0.2536047497879559,1.1209325808273192,1.4640363958271116,-1.266006644264337,0.7567687747035573,1.0626965192521916,1.1045255570973649,1.0938004652670696,1.1623779471957425,0.04617875962570894,2.5451983524821156
brfss2024,BRFSS 2024,True,8978,m30,income,7,2,1212,291,0.2400990099009901,1.123829845430175,1.3963081127228727,-1.4548870791969937,0.7400964885769614,1.0626965192521916,1.1045255570973649,1.0938004652670696,1.1623779471957425,0.04617875962570894,2.5451983524821156
brfss2024,BRFSS 2024,True,8978,m30,income,7,3,1396,322,0.23065902578796563,1.0938004652670696,1.3472657881281993,-1.5278472454280536,0.7430413384688342,1.0626965192521916,1.1045255570973649,1.0938004652670696,1.1623779471957425,0.04617875962570894,2.5451983524821156
brfss2024,BRFSS 2024,True,8978,m30,income,7,4,2634,531,0.20159453302961275,1.1027339108562204,1.4340364753684192,-1.6986850634186867,0.765634332802301,1.0626965192521916,1.1045255570973649,1.0938004652670696,1.1623779471957425,0.04617875962570894,2.5451983524821156
brfss2024,BRFSS 2024,True,8978,m30,income,7,5,659,177,0.26858877086494687,1.1079752454869067,1.4841143816039841,-1.3336006162612462,0.783986215626978,1.0626965192521916,1.1045255570973649,1.0938004652670696,1.1623779471957425,0.04617875962570894,2.5451983524821156
brfss2024,BRFSS 2024,True,8978,m30,income,7,6,398,42,0.10552763819095477,1.1409213613934643,1.409523450770638,-2.158728187780984,0.7834403424291064,1.0626965192521916,1.1045255570973649,1.0938004652670696,1.1623779471957425,0.04617875962570894,2.5451983524821156
brfss2024,BRFSS 2024,True,8978,m30,health_plan,2,0,8765,1861,0.2123217341699943,1.1499481003914724,1.4758636088087185,-1.6307956855486818,0.7671663756823447,1.0289989608655234,1.1956087105317936,1.1499481003914724,1.1832954003521077,0.010874280680572168,1.4588557863938318
brfss2024,BRFSS 2024,True,8978,m30,health_plan,2,1,213,31,0.14553990610328638,1.1832954003521077,1.7645553862485914,-2.3095277471831888,0.7562920950017725,1.0289989608655234,1.1956087105317936,1.1499481003914724,1.1832954003521077,0.010874280680572168,1.4588557863938318
brfss2024,BRFSS 2024,True,8978,ev10,age_group,4,2,611,32,0.05237315875613748,1.0703209416087498,1.4379144933776629,-3.315377933241682,0.7852979274611399,1.2846866285651966,1.2383223713469038,0.8331377612329777,1.0703209416087498,0.06838591095467761,5.267514519809168
brfss2024,BRFSS 2024,True,8978,ev10,age_group,4,3,1219,138,0.11320754716981132,0.904773323410331,1.1611794526603487,-2.298380250375412,0.76760313182909,1.2846866285651966,1.2383223713469038,0.8331377612329777,1.0703209416087498,0.06838591095467761,5.267514519809168
brfss2024,BRFSS 2024,True,8978,ev10,age_group,4,4,2049,383,0.18692044899951196,0.907148671743677,1.2707466153835765,-1.6715671261256044,0.7599909415463313,1.2846866285651966,1.2383223713469038,0.8331377612329777,1.0703209416087498,0.06838591095467761,5.267514519809168
brfss2024,BRFSS 2024,True,8978,ev10,age_group,4,5,4821,1330,0.27587637419622485,0.8331377612329777,1.1835833190877842,-1.1274909658695773,0.7169120165064623,1.2846866285651966,1.2383223713469038,0.8331377612329777,1.0703209416087498,0.06838591095467761,5.267514519809168
brfss2024,BRFSS 2024,True,8978,ev10,sex,2,0,4484,744,0.16592328278322926,1.1608972324797717,1.456078938985205,-1.9896440942432392,0.7656821416249784,1.1130054617947456,1.1041511661013177,1.0430292324062809,1.1608972324797717,0.013565099277883408,1.5395772619167252
brfss2024,BRFSS 2024,True,8978,ev10,sex,2,1,4494,1148,0.2554517133956386,1.0430292324062809,1.3187315140249503,-1.3049153260786677,0.752117042347095,1.1130054617947456,1.1041511661013177,1.0430292324062809,1.1608972324797717,0.013565099277883408,1.5395772619167252
brfss2024,BRFSS 2024,True,8978,ev10,race,8,0,177,35,0.1977401129943503,1.1490638622376141,1.3792958028229816,-1.7228539099185847,0.769215291750503,1.334656893362393,1.723754476164806,1.054069908715807,1.4068216697534202,0.22373194766285132,3.4741784037558685
brfss2024,BRFSS 2024,True,8978,ev10,race,8,1,185,15,0.08108108108108109,1.2946324443034434,1.7228183020890926,-2.360702450870386,0.7843137254901961,1.334656893362393,1.723754476164806,1.054069908715807,1.4068216697534202,0.22373194766285132,3.4741784037558685
brfss2024,BRFSS 2024,True,8978,ev10,race,8,2,970,162,0.1670103092783505,1.1110440929640166,1.4558373080694051,-1.7141015162024495,0.7266226622662266,1.334656893362393,1.723754476164806,1.054069908715807,1.4068216697534202,0.22373194766285132,3.4741784037558685
brfss2024,BRFSS 2024,True,8978,ev10,race,8,3,818,126,0.15403422982885084,1.2637294006641981,1.7239505604925456,-2.011305364457866,0.792744747224516,1.334656893362393,1.723754476164806,1.054069908715807,1.4068216697534202,0.22373194766285132,3.4741784037558685
brfss2024,BRFSS 2024,True,8978,ev10,race,8,4,188,39,0.2074468085106383,1.1605004285002996,1.4972515443604986,-1.7619900533083475,0.8403028738599208,1.334656893362393,1.723754476164806,1.054069908715807,1.4068216697534202,0.22373194766285132,3.4741784037558685
brfss2024,BRFSS 2024,True,8978,ev10,race,8,5,59,12,0.2033898305084746,1.4068216697534202,2.0592176416372006,-2.050797736820765,0.9503546099290779,1.334656893362393,1.723754476164806,1.054069908715807,1.4068216697534202,0.22373194766285132,3.4741784037558685
brfss2024,BRFSS 2024,True,8978,ev10,race,8,6,71,20,0.28169014084507044,1.054069908715807,1.1946119184089192,-1.2343845679509853,0.8813725490196079,1.334656893362393,1.723754476164806,1.054069908715807,1.4068216697534202,0.22373194766285132,3.4741784037558685
brfss2024,BRFSS 2024,True,8978,ev10,race,8,7,6510,1483,0.22780337941628265,1.1238463989692402,1.4288944218832766,-1.5662610965984303,0.7603314321141895,1.334656893362393,1.723754476164806,1.054069908715807,1.4068216697534202,0.22373194766285132,3.4741784037558685
brfss2024,BRFSS 2024,True,8978,ev10,income,7,0,1500,230,0.15333333333333332,1.1623779471957425,1.4880894951905197,-2.1231205225962864,0.7862752482026704,1.0626965192521916,1.1045255570973649,1.0938004652670696,1.1623779471957425,0.04617875962570894,2.5451983524821156
brfss2024,BRFSS 2024,True,8978,ev10,income,7,1,1179,299,0.2536047497879559,1.1209325808273192,1.4640363958271116,-1.266006644264337,0.7567687747035573,1.0626965192521916,1.1045255570973649,1.0938004652670696,1.1623779471957425,0.04617875962570894,2.5451983524821156
brfss2024,BRFSS 2024,True,8978,ev10,income,7,2,1212,291,0.2400990099009901,1.123829845430175,1.3963081127228727,-1.4548870791969937,0.7400964885769614,1.0626965192521916,1.1045255570973649,1.0938004652670696,1.1623779471957425,0.04617875962570894,2.5451983524821156
brfss2024,BRFSS 2024,True,8978,ev10,income,7,3,1396,322,0.23065902578796563,1.0938004652670696,1.3472657881281993,-1.5278472454280536,0.7430413384688342,1.0626965192521916,1.1045255570973649,1.0938004652670696,1.1623779471957425,0.04617875962570894,2.5451983524821156
brfss2024,BRFSS 2024,True,8978,ev10,income,7,4,2634,531,0.20159453302961275,1.1027339108562204,1.4340364753684192,-1.6986850634186867,0.765634332802301,1.0626965192521916,1.1045255570973649,1.0938004652670696,1.1623779471957425,0.04617875962570894,2.5451983524821156
brfss2024,BRFSS 2024,True,8978,ev10,income,7,5,659,177,0.26858877086494687,1.1079752454869067,1.4841143816039841,-1.3336006162612462,0.783986215626978,1.0626965192521916,1.1045255570973649,1.0938004652670696,1.1623779471957425,0.04617875962570894,2.5451983524821156
brfss2024,BRFSS 2024,True,8978,ev10,income,7,6,398,42,0.10552763819095477,1.1409213613934643,1.409523450770638,-2.158728187780984,0.7834403424291064,1.0626965192521916,1.1045255570973649,1.0938004652670696,1.1623779471957425,0.04617875962570894,2.5451983524821156
brfss2024,BRFSS 2024,True,8978,ev10,health_plan,2,0,8765,1861,0.2123217341699943,1.1499481003914724,1.4758636088087185,-1.6307956855486818,0.7671663756823447,1.0289989608655234,1.1956087105317936,1.1499481003914724,1.1832954003521077,0.010874280680572168,1.4588557863938318
brfss2024,BRFSS 2024,True,8978,ev10,health_plan,2,1,213,31,0.14553990610328638,1.1832954003521077,1.7645553862485914,-2.3095277471831888,0.7562920950017725,1.0289989608655234,1.1956087105317936,1.1499481003914724,1.1832954003521077,0.010874280680572168,1.4588557863938318
adult_income,Adult Income,False,9045,m30,sex,2,0,2918,363,0.12440027416038382,2.2434191417865543,1.9456365457313805,-2.8508365070448103,0.9226526068369156,1.4064712340883565,1.6155754466715655,2.2434191417865543,3.1553044889259767,0.05768519018202545,2.4652306707294316
adult_income,Adult Income,False,9045,m30,sex,2,1,6127,1879,0.3066753713073282,3.1553044889259767,3.1433226314304967,-1.190152950747262,0.8649674166548902,1.4064712340883565,1.6155754466715655,2.2434191417865543,3.1553044889259767,0.05768519018202545,2.4652306707294316
adult_income,Adult Income,False,9045,m30,race,5,0,90,13,0.14444444444444443,2.0208608610054677,2.7674868617035555,-2.3913868449553712,0.9530469530469531,1.7616019550411504,1.3783140390695396,1.936107377037995,3.410650540559726,0.08080979653560305,2.4806201550387597
adult_income,Adult Income,False,9045,m30,race,5,1,258,72,0.27906976744186046,3.410650540559726,3.2864352633292473,-1.5894746835050124,0.87223715651135,1.7616019550411504,1.3783140390695396,1.936107377037995,3.410650540559726,0.08080979653560305,2.4806201550387597
adult_income,Adult Income,False,9045,m30,race,5,2,838,111,0.1324582338902148,2.369349398567659,2.5538695218381866,-2.683667280515037,0.9200465940493452,1.7616019550411504,1.3783140390695396,1.936107377037995,3.410650540559726,0.08080979653560305,2.4806201550387597
adult_income,Adult Income,False,9045,m30,race,5,3,80,9,0.1125,1.936107377037995,2.3843878609462803,-3.2398557633642966,0.9311424100156493,1.7616019550411504,1.3783140390695396,1.936107377037995,3.410650540559726,0.08080979653560305,2.4806201550387597
adult_income,Adult Income,False,9045,m30,race,5,4,7779,2037,0.2618588507520247,3.03536575739145,3.1357461116197682,-1.6039847191482464,0.8849379478600952,1.7616019550411504,1.3783140390695396,1.936107377037995,3.410650540559726,0.08080979653560305,2.4806201550387597
adult_income,Adult Income,False,9045,m30,age_group,2,0,3989,1430,0.35848583604913514,3.3271487980675634,3.0025476836011897,-0.8014139325331124,0.8449899846148379,1.3462294653620601,1.0710021964916703,2.471457417679346,3.3271487980675634,0.06726777249691196,2.2321482599315607
adult_income,Adult Income,False,9045,m30,age_group,2,1,5056,812,0.1606012658227848,2.471457417679346,2.8034934880962608,-2.455294280045618,0.9122577571117498,1.3462294653620601,1.0710021964916703,2.471457417679346,3.3271487980675634,0.06726777249691196,2.2321482599315607
adult_income,Adult Income,False,9045,ev10,sex,2,0,2918,363,0.12440027416038382,2.2434191417865543,1.9456365457313805,-2.8508365070448103,0.9226526068369156,1.4064712340883565,1.6155754466715655,2.2434191417865543,3.1553044889259767,0.05768519018202545,2.4652306707294316
adult_income,Adult Income,False,9045,ev10,sex,2,1,6127,1879,0.3066753713073282,3.1553044889259767,3.1433226314304967,-1.190152950747262,0.8649674166548902,1.4064712340883565,1.6155754466715655,2.2434191417865543,3.1553044889259767,0.05768519018202545,2.4652306707294316
adult_income,Adult Income,False,9045,ev10,race,4,0,90,13,0.14444444444444443,2.0208608610054677,2.7674868617035555,-2.3913868449553712,0.9530469530469531,1.6877216073464734,1.2868454066376052,2.0208608610054677,3.410650540559726,0.08080979653560305,2.106851037083595
adult_income,Adult Income,False,9045,ev10,race,4,1,258,72,0.27906976744186046,3.410650540559726,3.2864352633292473,-1.5894746835050124,0.87223715651135,1.6877216073464734,1.2868454066376052,2.0208608610054677,3.410650540559726,0.08080979653560305,2.106851037083595
adult_income,Adult Income,False,9045,ev10,race,4,2,838,111,0.1324582338902148,2.369349398567659,2.5538695218381866,-2.683667280515037,0.9200465940493452,1.6877216073464734,1.2868454066376052,2.0208608610054677,3.410650540559726,0.08080979653560305,2.106851037083595
adult_income,Adult Income,False,9045,ev10,race,4,4,7779,2037,0.2618588507520247,3.03536575739145,3.1357461116197682,-1.6039847191482464,0.8849379478600952,1.6877216073464734,1.2868454066376052,2.0208608610054677,3.410650540559726,0.08080979653560305,2.106851037083595
adult_income,Adult Income,False,9045,ev10,age_group,2,0,3989,1430,0.35848583604913514,3.3271487980675634,3.0025476836011897,-0.8014139325331124,0.8449899846148379,1.3462294653620601,1.0710021964916703,2.471457417679346,3.3271487980675634,0.06726777249691196,2.2321482599315607
adult_income,Adult Income,False,9045,ev10,age_group,2,1,5056,812,0.1606012658227848,2.471457417679346,2.8034934880962608,-2.455294280045618,0.9122577571117498,1.3462294653620601,1.0710021964916703,2.471457417679346,3.3271487980675634,0.06726777249691196,2.2321482599315607
nhis2023,NHIS 2023,True,5423,m30,age_group,4,0,1146,16,0.013961605584642234,1.3139079675421068,1.9580801295647543,-5.147932738571648,0.865929203539823,1.3480698335769468,1.308601904017411,1.1431053556709363,1.5409858465802355,0.1280132462576684,14.040240198785202
nhis2023,NHIS 2023,True,5423,m30,age_group,4,1,1167,67,0.05741216795201371,1.5124117115138354,2.1927579436902698,-3.779905331985224,0.8116553595658073,1.3480698335769468,1.308601904017411,1.1431053556709363,1.5409858465802355,0.1280132462576684,14.040240198785202
nhis2023,NHIS 2023,True,5423,m30,age_group,4,2,1299,168,0.12933025404157045,1.5409858465802355,2.1354324505466398,-2.526776199516018,0.8252310429034567,1.3480698335769468,1.308601904017411,1.1431053556709363,1.5409858465802355,0.1280132462576684,14.040240198785202
nhis2023,NHIS 2023,True,5423,m30,age_group,4,3,1811,355,0.19602429596907786,1.1431053556709363,1.6756493605568643,-1.760683106386107,0.7379159572821545,1.3480698335769468,1.308601904017411,1.1431053556709363,1.5409858465802355,0.1280132462576684,14.040240198785202
nhis2023,NHIS 2023,True,5423,m30,sex,2,0,2972,316,0.1063257065948856,1.8589461255469764,2.8230839376215195,-3.126044283424763,0.8473303816531951,1.02175560948272,1.1048272090253763,1.8589461255469764,1.899388631503792,0.018805113976991583,1.112798186222105
nhis2023,NHIS 2023,True,5423,m30,sex,2,1,2451,290,0.11831905344757242,1.899388631503792,3.119019947646753,-3.056285687200333,0.8285252676762035,1.02175560948272,1.1048272090253763,1.8589461255469764,1.899388631503792,0.018805113976991583,1.112798186222105
nhis2023,NHIS 2023,True,5423,m30,race,7,0,790,82,0.10379746835443038,1.9550944377381376,3.1595337860858344,-3.565595317716581,0.8338500757888934,1.1856833348739897,1.1687550193814191,1.802743193019001,2.1374825610201538,0.12900378310214355,3.038785834738617
nhis2023,NHIS 2023,True,5423,m30,race,7,1,31,5,0.16129032258064516,1.8280262477895595,2.70333280601273,-2.7748167489904927,0.7923076923076924,1.1856833348739897,1.1687550193814191,1.802743193019001,2.1374825610201538,0.12900378310214355,3.038785834738617
nhis2023,NHIS 2023,True,5423,m30,race,7,2,34,2,0.058823529411764705,2.1374825610201538,3.1000608851306026,-2.8764719914502583,0.828125,1.1856833348739897,1.1687550193814191,1.802743193019001,2.1374825610201538,0.12900378310214355,3.038785834738617
nhis2023,NHIS 2023,True,5423,m30,race,7,3,304,22,0.07236842105263158,1.8859258041785556,2.7297281979310357,-3.9116553961694485,0.8560606060606062,1.1856833348739897,1.1687550193814191,1.802743193019001,2.1374825610201538,0.12900378310214355,3.038785834738617
nhis2023,NHIS 2023,True,5423,m30,race,7,4,593,106,0.178752107925801,1.9348545285468028,3.106605099489177,-2.66390067974571,0.8411820541629539,1.1856833348739897,1.1687550193814191,1.802743193019001,2.1374825610201538,0.12900378310214355,3.038785834738617
nhis2023,NHIS 2023,True,5423,m30,race,7,5,66,5,0.07575757575757576,1.8871613722342058,3.144667432514102,-4.0993963934399575,0.9213114754098359,1.1856833348739897,1.1687550193814191,1.802743193019001,2.1374825610201538,0.12900378310214355,3.038785834738617
nhis2023,NHIS 2023,True,5423,m30,race,7,6,3605,384,0.10651872399445216,1.802743193019001,2.73702454238797,-2.9796182125521624,0.8350590687415916,1.1856833348739897,1.1687550193814191,1.802743193019001,2.1374825610201538,0.12900378310214355,3.038785834738617
nhis2023,NHIS 2023,True,5423,m30,insured,2,0,5063,589,0.11633418921587992,1.8563548752280408,2.8696300433197384,-3.012177633721966,0.8355594254067834,1.0366600353299058,1.0961490333654318,1.790707475896161,1.8563548752280408,0.018324985500436597,2.4635475363362804
nhis2023,NHIS 2023,True,5423,m30,insured,2,1,360,17,0.04722222222222222,1.790707475896161,2.6179196039696433,-4.25251241703361,0.85388441090722,1.0366600353299058,1.0961490333654318,1.790707475896161,1.8563548752280408,0.018324985500436597,2.4635475363362804
nhis2023,NHIS 2023,True,5423,ev10,age_group,4,0,1146,16,0.013961605584642234,1.3139079675421068,1.9580801295647543,-5.147932738571648,0.865929203539823,1.3480698335769468,1.308601904017411,1.1431053556709363,1.5409858465802355,0.1280132462576684,14.040240198785202
nhis2023,NHIS 2023,True,5423,ev10,age_group,4,1,1167,67,0.05741216795201371,1.5124117115138354,2.1927579436902698,-3.779905331985224,0.8116553595658073,1.3480698335769468,1.308601904017411,1.1431053556709363,1.5409858465802355,0.1280132462576684,14.040240198785202
nhis2023,NHIS 2023,True,5423,ev10,age_group,4,2,1299,168,0.12933025404157045,1.5409858465802355,2.1354324505466398,-2.526776199516018,0.8252310429034567,1.3480698335769468,1.308601904017411,1.1431053556709363,1.5409858465802355,0.1280132462576684,14.040240198785202
nhis2023,NHIS 2023,True,5423,ev10,age_group,4,3,1811,355,0.19602429596907786,1.1431053556709363,1.6756493605568643,-1.760683106386107,0.7379159572821545,1.3480698335769468,1.308601904017411,1.1431053556709363,1.5409858465802355,0.1280132462576684,14.040240198785202
nhis2023,NHIS 2023,True,5423,ev10,sex,2,0,2972,316,0.1063257065948856,1.8589461255469764,2.8230839376215195,-3.126044283424763,0.8473303816531951,1.02175560948272,1.1048272090253763,1.8589461255469764,1.899388631503792,0.018805113976991583,1.112798186222105
nhis2023,NHIS 2023,True,5423,ev10,sex,2,1,2451,290,0.11831905344757242,1.899388631503792,3.119019947646753,-3.056285687200333,0.8285252676762035,1.02175560948272,1.1048272090253763,1.8589461255469764,1.899388631503792,0.018805113976991583,1.112798186222105
nhis2023,NHIS 2023,True,5423,ev10,race,4,0,790,82,0.10379746835443038,1.9550944377381376,3.1595337860858344,-3.565595317716581,0.8338500757888934,1.084510786288977,1.1574536206500576,1.802743193019001,1.9550944377381376,0.022210530271712825,2.4700291277019777
nhis2023,NHIS 2023,True,5423,ev10,race,4,3,304,22,0.07236842105263158,1.8859258041785556,2.7297281979310357,-3.9116553961694485,0.8560606060606062,1.084510786288977,1.1574536206500576,1.802743193019001,1.9550944377381376,0.022210530271712825,2.4700291277019777
nhis2023,NHIS 2023,True,5423,ev10,race,4,4,593,106,0.178752107925801,1.9348545285468028,3.106605099489177,-2.66390067974571,0.8411820541629539,1.084510786288977,1.1574536206500576,1.802743193019001,1.9550944377381376,0.022210530271712825,2.4700291277019777
nhis2023,NHIS 2023,True,5423,ev10,race,4,6,3605,384,0.10651872399445216,1.802743193019001,2.73702454238797,-2.9796182125521624,0.8350590687415916,1.084510786288977,1.1574536206500576,1.802743193019001,1.9550944377381376,0.022210530271712825,2.4700291277019777
nhis2023,NHIS 2023,True,5423,ev10,insured,2,0,5063,589,0.11633418921587992,1.8563548752280408,2.8696300433197384,-3.012177633721966,0.8355594254067834,1.0366600353299058,1.0961490333654318,1.790707475896161,1.8563548752280408,0.018324985500436597,2.4635475363362804
nhis2023,NHIS 2023,True,5423,ev10,insured,2,1,360,17,0.04722222222222222,1.790707475896161,2.6179196039696433,-4.25251241703361,0.85388441090722,1.0366600353299058,1.0961490333654318,1.790707475896161,1.8563548752280408,0.018324985500436597,2.4635475363362804
nhis2024,NHIS 2024,True,1950,m30,age_group,6,0,107,3,0.028037383177570093,0.9295616951744491,1.3055808239327273,-6.425884879948493,0.9775641025641025,1.362415052575245,1.4352630980815813,0.9295616951744491,1.266448845803031,0.3279162152401589,21.718430034129696
nhis2024,NHIS 2024,True,1950,m30,age_group,6,1,286,2,0.006993006993006993,1.0830546840992035,1.2869077094146517,-6.245832250396813,0.6496478873239436,1.362415052575245,1.4352630980815813,0.9295616951744491,1.266448845803031,0.3279162152401589,21.718430034129696
nhis2024,NHIS 2024,True,1950,m30,age_group,6,2,306,5,0.016339869281045753,1.206584415700134,1.6850918152050767,-5.786664680177741,0.9299003322259136,1.362415052575245,1.4352630980815813,0.9295616951744491,1.266448845803031,0.3279162152401589,21.718430034129696
nhis2024,NHIS 2024,True,1950,m30,age_group,6,3,288,11,0.03819444444444445,1.2195406727527025,1.6478361873624303,-4.190453892070527,0.8841483426320971,1.362415052575245,1.4352630980815813,0.9295616951744491,1.266448845803031,0.3279162152401589,21.718430034129696
nhis2024,NHIS 2024,True,1950,m30,age_group,6,4,377,36,0.09549071618037135,1.266448845803031,1.8470511459595444,-3.195121819258845,0.7915037471489085,1.362415052575245,1.4352630980815813,0.9295616951744491,1.266448845803031,0.3279162152401589,21.718430034129696
nhis2024,NHIS 2024,True,1950,m30,age_group,6,5,586,89,0.15187713310580206,1.1802537934331687,1.6552658286868818,-1.9448382966471756,0.7032080121176498,1.362415052575245,1.4352630980815813,0.9295616951744491,1.266448845803031,0.3279162152401589,21.718430034129696
nhis2024,NHIS 2024,True,1950,m30,sex,2,0,1069,47,0.04396632366697849,1.9287568638453902,3.1222765318172736,-4.308675060097734,0.8214806178956573,1.1449810617386968,1.1693199293676064,1.9287568638453902,2.208390081801494,0.003673389602495414,2.555872195522496
nhis2024,NHIS 2024,True,1950,m30,sex,2,1,881,99,0.11237230419977298,2.208390081801494,3.650940173650709,-3.620556580329205,0.8178072282931619,1.1449810617386968,1.1693199293676064,1.9287568638453902,2.208390081801494,0.003673389602495414,2.555872195522496
nhis2024,NHIS 2024,True,1950,m30,race,4,0,298,11,0.03691275167785235,1.9824245481375942,3.1279035558898527,-4.6237616921041775,0.8815331010452963,1.0514257767093511,1.1386627300579268,1.9824245481375942,2.0843722702932546,0.10897400353584064,3.2299546142208775
nhis2024,NHIS 2024,True,1950,m30,race,4,3,70,2,0.02857142857142857,2.013647684083028,3.5616272023074367,-4.786423831989818,0.9264705882352942,1.0514257767093511,1.1386627300579268,1.9824245481375942,2.0843722702932546,0.10897400353584064,3.2299546142208775
nhis2024,NHIS 2024,True,1950,m30,race,4,4,202,10,0.04950495049504951,2.01187826846756,3.3998775267106245,-4.036036554368501,0.8432291666666668,1.0514257767093511,1.1386627300579268,1.9824245481375942,2.0843722702932546,0.10897400353584064,3.2299546142208775
nhis2024,NHIS 2024,True,1950,m30,race,4,6,1322,122,0.09228441754916793,2.0843722702932546,3.4156293380496816,-3.765980004943599,0.8174965846994535,1.0514257767093511,1.1386627300579268,1.9824245481375942,2.0843722702932546,0.10897400353584064,3.2299546142208775
nhis2024,NHIS 2024,True,1950,m30,income,5,0,255,20,0.0784313725490196,2.259816012460193,3.953265933601041,-3.7574168519527755,0.8406382978723406,1.1397181007631756,1.20427498206878,1.9827850509235398,2.259816012460193,0.09677440383788105,2.099757197363857
nhis2024,NHIS 2024,True,1950,m30,income,5,1,465,46,0.0989247311827957,2.1353016775078553,3.5468874190048694,-3.873788320705469,0.7864480647504412,1.1397181007631756,1.20427498206878,1.9827850509235398,2.259816012460193,0.09677440383788105,2.099757197363857
nhis2024,NHIS 2024,True,1950,m30,income,5,2,402,33,0.08208955223880597,2.040417501362199,3.3422792845703797,-4.185490327714213,0.8832224685883222,1.1397181007631756,1.20427498206878,1.9827850509235398,2.259816012460193,0.09677440383788105,2.099757197363857
nhis2024,NHIS 2024,True,1950,m30,income,5,3,170,16,0.09411764705882353,2.131613406482864,3.523423522822184,-3.7288574200057445,0.8400974025974026,1.1397181007631756,1.20427498206878,1.9827850509235398,2.259816012460193,0.09677440383788105,2.099757197363857
nhis2024,NHIS 2024,True,1950,m30,income,5,4,658,31,0.04711246200607903,1.9827850509235398,3.2826937306377237,-4.133371196043186,0.8388640222256522,1.1397181007631756,1.20427498206878,1.9827850509235398,2.259816012460193,0.09677440383788105,2.099757197363857
nhis2024,NHIS 2024,True,1950,m30,insurance,2,0,1808,142,0.07853982300884955,2.0837516159967637,3.468358567117092,-3.888397476054047,0.831949681280963,1.3218570610626625,1.440364617359404,1.576381953372176,2.0837516159967637,0.043906203020093404,2.788163716814159
nhis2024,NHIS 2024,True,1950,m30,insurance,2,1,142,4,0.028169014084507043,1.576381953372176,2.407972623956547,-5.390572885977395,0.7880434782608696,1.3218570610626625,1.440364617359404,1.576381953372176,2.0837516159967637,0.043906203020093404,2.788163716814159
nhis2024,NHIS 2024,True,1950,ev10,age_group,3,3,288,11,0.03819444444444445,1.2195406727527025,1.6478361873624303,-4.190453892070527,0.8841483426320971,1.0730309471144632,1.1208948802829624,1.1802537934331687,1.266448845803031,0.18094033051444725,3.9764194849519083
nhis2024,NHIS 2024,True,1950,ev10,age_group,3,4,377,36,0.09549071618037135,1.266448845803031,1.8470511459595444,-3.195121819258845,0.7915037471489085,1.0730309471144632,1.1208948802829624,1.1802537934331687,1.266448845803031,0.18094033051444725,3.9764194849519083
nhis2024,NHIS 2024,True,1950,ev10,age_group,3,5,586,89,0.15187713310580206,1.1802537934331687,1.6552658286868818,-1.9448382966471756,0.7032080121176498,1.0730309471144632,1.1208948802829624,1.1802537934331687,1.266448845803031,0.18094033051444725,3.9764194849519083
nhis2024,NHIS 2024,True,1950,ev10,sex,2,0,1069,47,0.04396632366697849,1.9287568638453902,3.1222765318172736,-4.308675060097734,0.8214806178956573,1.1449810617386968,1.1693199293676064,1.9287568638453902,2.208390081801494,0.003673389602495414,2.555872195522496
nhis2024,NHIS 2024,True,1950,ev10,sex,2,1,881,99,0.11237230419977298,2.208390081801494,3.650940173650709,-3.620556580329205,0.8178072282931619,1.1449810617386968,1.1693199293676064,1.9287568638453902,2.208390081801494,0.003673389602495414,2.555872195522496
nhis2024,NHIS 2024,True,1950,ev10,race,3,0,298,11,0.03691275167785235,1.9824245481375942,3.1279035558898527,-4.6237616921041775,0.8815331010452963,1.0514257767093511,1.0919867818871973,1.9824245481375942,2.0843722702932546,0.06403651634584273,2.500068766332004
nhis2024,NHIS 2024,True,1950,ev10,race,3,4,202,10,0.04950495049504951,2.01187826846756,3.3998775267106245,-4.036036554368501,0.8432291666666668,1.0514257767093511,1.0919867818871973,1.9824245481375942,2.0843722702932546,0.06403651634584273,2.500068766332004
nhis2024,NHIS 2024,True,1950,ev10,race,3,6,1322,122,0.09228441754916793,2.0843722702932546,3.4156293380496816,-3.765980004943599,0.8174965846994535,1.0514257767093511,1.0919867818871973,1.9824245481375942,2.0843722702932546,0.06403651634584273,2.500068766332004
nhis2024,NHIS 2024,True,1950,ev10,income,5,0,255,20,0.0784313725490196,2.259816012460193,3.953265933601041,-3.7574168519527755,0.8406382978723406,1.1397181007631756,1.20427498206878,1.9827850509235398,2.259816012460193,0.09677440383788105,2.099757197363857
nhis2024,NHIS 2024,True,1950,ev10,income,5,1,465,46,0.0989247311827957,2.1353016775078553,3.5468874190048694,-3.873788320705469,0.7864480647504412,1.1397181007631756,1.20427498206878,1.9827850509235398,2.259816012460193,0.09677440383788105,2.099757197363857
nhis2024,NHIS 2024,True,1950,ev10,income,5,2,402,33,0.08208955223880597,2.040417501362199,3.3422792845703797,-4.185490327714213,0.8832224685883222,1.1397181007631756,1.20427498206878,1.9827850509235398,2.259816012460193,0.09677440383788105,2.099757197363857
nhis2024,NHIS 2024,True,1950,ev10,income,5,3,170,16,0.09411764705882353,2.131613406482864,3.523423522822184,-3.7288574200057445,0.8400974025974026,1.1397181007631756,1.20427498206878,1.9827850509235398,2.259816012460193,0.09677440383788105,2.099757197363857
nhis2024,NHIS 2024,True,1950,ev10,income,5,4,658,31,0.04711246200607903,1.9827850509235398,3.2826937306377237,-4.133371196043186,0.8388640222256522,1.1397181007631756,1.20427498206878,1.9827850509235398,2.259816012460193,0.09677440383788105,2.099757197363857
acs_income,ACS-Income,False,4000,m30,sex,2,0,1898,669,0.35247629083245524,1.758316055329918,2.4434390399823616,-1.015622988179379,0.8667752775781105,1.140702675820348,1.2197751508563746,1.758316055329918,2.0057158292527166,0.004002557629306791,1.3132584953613826
acs_income,ACS-Income,False,4000,m30,sex,2,1,2102,973,0.46289248334919125,2.0057158292527166,2.98044622360284,-0.3075885283729967,0.8627727199488037,1.140702675820348,1.2197751508563746,1.758316055329918,2.0057158292527166,0.004002557629306791,1.3132584953613826
acs_income,ACS-Income,False,4000,m30,race,2,0,1484,527,0.3551212938005391,1.8826644656838016,2.6492060906304213,-0.960917800325986,0.8580220843519935,1.0226712617797018,1.0018020294600434,1.8826644656838016,1.9253468446286615,0.009738611883558956,1.2479222162222499
acs_income,ACS-Income,False,4000,m30,race,2,1,2516,1115,0.4431637519872814,1.9253468446286615,2.6539800380514635,-0.4563598976632502,0.8677606962355524,1.0226712617797018,1.0018020294600434,1.8826644656838016,1.9253468446286615,0.009738611883558956,1.2479222162222499
acs_income,ACS-Income,False,4000,m30,age_group,2,0,2179,1130,0.5185865075722809,1.788470419917272,2.2911712195015426,0.028769212189766486,0.8328408007626311,1.0117649862850997,1.128629815768947,1.767673762346732,1.788470419917272,0.052729798215596535,1.8444258404084442
acs_income,ACS-Income,False,4000,m30,age_group,2,1,1821,512,0.2811641954969797,1.767673762346732,2.5858841513611392,-1.4480459261757286,0.8855705989782277,1.0117649862850997,1.128629815768947,1.767673762346732,1.788470419917272,0.052729798215596535,1.8444258404084442
acs_income,ACS-Income,False,4000,ev10,sex,2,0,1898,669,0.35247629083245524,1.758316055329918,2.4434390399823616,-1.015622988179379,0.8667752775781105,1.140702675820348,1.2197751508563746,1.758316055329918,2.0057158292527166,0.004002557629306791,1.3132584953613826
acs_income,ACS-Income,False,4000,ev10,sex,2,1,2102,973,0.46289248334919125,2.0057158292527166,2.98044622360284,-0.3075885283729967,0.8627727199488037,1.140702675820348,1.2197751508563746,1.758316055329918,2.0057158292527166,0.004002557629306791,1.3132584953613826
acs_income,ACS-Income,False,4000,ev10,race,2,0,1484,527,0.3551212938005391,1.8826644656838016,2.6492060906304213,-0.960917800325986,0.8580220843519935,1.0226712617797018,1.0018020294600434,1.8826644656838016,1.9253468446286615,0.009738611883558956,1.2479222162222499
acs_income,ACS-Income,False,4000,ev10,race,2,1,2516,1115,0.4431637519872814,1.9253468446286615,2.6539800380514635,-0.4563598976632502,0.8677606962355524,1.0226712617797018,1.0018020294600434,1.8826644656838016,1.9253468446286615,0.009738611883558956,1.2479222162222499
acs_income,ACS-Income,False,4000,ev10,age_group,2,0,2179,1130,0.5185865075722809,1.788470419917272,2.2911712195015426,0.028769212189766486,0.8328408007626311,1.0117649862850997,1.128629815768947,1.767673762346732,1.788470419917272,0.052729798215596535,1.8444258404084442
acs_income,ACS-Income,False,4000,ev10,age_group,2,1,1821,512,0.2811641954969797,1.767673762346732,2.5858841513611392,-1.4480459261757286,0.8855705989782277,1.0117649862850997,1.128629815768947,1.767673762346732,1.788470419917272,0.052729798215596535,1.8444258404084442
synthetic,Synthetic baseline,False,2000,m30,age_group,3,1,491,56,0.11405295315682282,2.138984659659566,2.8831024028283005,-3.528297644716591,0.9626436781609194,1.1280208544765087,1.2895737522144495,2.138984659659566,2.4128193035013275,0.03983572373105482,5.315704330512693
synthetic,Synthetic baseline,False,2000,m30,age_group,3,2,564,195,0.34574468085106386,2.4128193035013275,3.6162472189716897,-1.08287830582444,0.9244944757139879,1.1280208544765087,1.2895737522144495,2.138984659659566,2.4128193035013275,0.03983572373105482,5.315704330512693
synthetic,Synthetic baseline,False,2000,m30,age_group,3,3,574,348,0.6062717770034843,2.3611637458509818,3.7179731836337866,0.9784659212471147,0.9228079544298646,1.1280208544765087,1.2895737522144495,2.138984659659566,2.4128193035013275,0.03983572373105482,5.315704330512693
synthetic,Synthetic baseline,False,2000,m30,sex,2,0,1079,335,0.31047265987025024,3.3673656513770474,5.252988560306177,-2.0516500518365333,0.9648210560102713,1.0045856592162579,1.0092615613915474,3.351994546691167,3.3673656513770474,0.008320825913630814,1.0790389424169828
synthetic,Synthetic baseline,False,2000,m30,sex,2,1,921,265,0.28773072747014117,3.351994546691167,5.2047841325329705,-2.0351496119089476,0.9565002300966405,1.0045856592162579,1.0092615613915474,3.351994546691167,3.3673656513770474,0.008320825913630814,1.0790389424169828
synthetic,Synthetic baseline,False,2000,m30,race,5,0,109,30,0.27522935779816515,3.3216961207613283,4.418984866356318,-2.4425322881165337,0.9506329113924051,1.0965010106509443,1.308765892012899,3.233814532520672,3.545880903166628,0.03093760142810764,1.3273273273273274
synthetic,Synthetic baseline,False,2000,m30,race,5,1,271,81,0.2988929889298893,3.473367921468697,5.429608193605269,-2.0472591840264225,0.957504873294347,1.0965010106509443,1.308765892012899,3.233814532520672,3.545880903166628,0.03093760142810764,1.3273273273273274
synthetic,Synthetic baseline,False,2000,m30,race,5,2,272,72,0.2647058823529412,3.233814532520672,4.696488658762359,-1.9926491385800076,0.9586805555555556,1.0965010106509443,1.308765892012899,3.233814532520672,3.545880903166628,0.03093760142810764,1.3273273273273274
synthetic,Synthetic baseline,False,2000,m30,race,5,3,74,26,0.35135135135135137,3.545880903166628,5.783416670408329,-1.9422879825041584,0.9815705128205128,1.0965010106509443,1.308765892012899,3.233814532520672,3.545880903166628,0.03093760142810764,1.3273273273273274
synthetic,Synthetic baseline,False,2000,m30,race,5,4,1274,391,0.3069073783359498,3.3563783588778398,5.3171958625062015,-2.026161745545391,0.9629373242231059,1.0965010106509443,1.308765892012899,3.233814532520672,3.545880903166628,0.03093760142810764,1.3273273273273274
synthetic,Synthetic baseline,False,2000,m30,insurance,4,0,267,38,0.14232209737827714,2.865517168012066,4.40087885728715,-3.8729904206057655,0.9701218110779131,1.1033158459732166,1.1301170751444534,2.6487612769655415,2.9224202890763338,0.04555480059793182,3.6759039715471253
synthetic,Synthetic baseline,False,2000,m30,insurance,4,1,964,451,0.4678423236514523,2.6487612769655415,4.341526525508973,-0.07164935201880125,0.933736163517935,1.1033158459732166,1.1301170751444534,2.6487612769655415,2.9224202890763338,0.04555480059793182,3.6759039715471253
synthetic,Synthetic baseline,False,2000,m30,insurance,4,2,604,90,0.1490066225165563,2.9224202890763338,3.9136568988202,-3.9451309684073914,0.9792909641158668,1.1033158459732166,1.1301170751444534,2.6487612769655415,2.9224202890763338,0.04555480059793182,3.6759039715471253
synthetic,Synthetic baseline,False,2000,m30,insurance,4,3,165,21,0.12727272727272726,2.7262231407271775,3.894179597918758,-3.649004096568681,0.9672619047619048,1.1033158459732166,1.1301170751444534,2.6487612769655415,2.9224202890763338,0.04555480059793182,3.6759039715471253
synthetic,Synthetic baseline,False,2000,ev10,age_group,3,1,491,56,0.11405295315682282,2.138984659659566,2.8831024028283005,-3.528297644716591,0.9626436781609194,1.1280208544765087,1.2895737522144495,2.138984659659566,2.4128193035013275,0.03983572373105482,5.315704330512693
synthetic,Synthetic baseline,False,2000,ev10,age_group,3,2,564,195,0.34574468085106386,2.4128193035013275,3.6162472189716897,-1.08287830582444,0.9244944757139879,1.1280208544765087,1.2895737522144495,2.138984659659566,2.4128193035013275,0.03983572373105482,5.315704330512693
synthetic,Synthetic baseline,False,2000,ev10,age_group,3,3,574,348,0.6062717770034843,2.3611637458509818,3.7179731836337866,0.9784659212471147,0.9228079544298646,1.1280208544765087,1.2895737522144495,2.138984659659566,2.4128193035013275,0.03983572373105482,5.315704330512693
synthetic,Synthetic baseline,False,2000,ev10,sex,2,0,1079,335,0.31047265987025024,3.3673656513770474,5.252988560306177,-2.0516500518365333,0.9648210560102713,1.0045856592162579,1.0092615613915474,3.351994546691167,3.3673656513770474,0.008320825913630814,1.0790389424169828
synthetic,Synthetic baseline,False,2000,ev10,sex,2,1,921,265,0.28773072747014117,3.351994546691167,5.2047841325329705,-2.0351496119089476,0.9565002300966405,1.0045856592162579,1.0092615613915474,3.351994546691167,3.3673656513770474,0.008320825913630814,1.0790389424169828
synthetic,Synthetic baseline,False,2000,ev10,race,5,0,109,30,0.27522935779816515,3.3216961207613283,4.418984866356318,-2.4425322881165337,0.9506329113924051,1.0965010106509443,1.308765892012899,3.233814532520672,3.545880903166628,0.03093760142810764,1.3273273273273274
synthetic,Synthetic baseline,False,2000,ev10,race,5,1,271,81,0.2988929889298893,3.473367921468697,5.429608193605269,-2.0472591840264225,0.957504873294347,1.0965010106509443,1.308765892012899,3.233814532520672,3.545880903166628,0.03093760142810764,1.3273273273273274
synthetic,Synthetic baseline,False,2000,ev10,race,5,2,272,72,0.2647058823529412,3.233814532520672,4.696488658762359,-1.9926491385800076,0.9586805555555556,1.0965010106509443,1.308765892012899,3.233814532520672,3.545880903166628,0.03093760142810764,1.3273273273273274
synthetic,Synthetic baseline,False,2000,ev10,race,5,3,74,26,0.35135135135135137,3.545880903166628,5.783416670408329,-1.9422879825041584,0.9815705128205128,1.0965010106509443,1.308765892012899,3.233814532520672,3.545880903166628,0.03093760142810764,1.3273273273273274
synthetic,Synthetic baseline,False,2000,ev10,race,5,4,1274,391,0.3069073783359498,3.3563783588778398,5.3171958625062015,-2.026161745545391,0.9629373242231059,1.0965010106509443,1.308765892012899,3.233814532520672,3.545880903166628,0.03093760142810764,1.3273273273273274
synthetic,Synthetic baseline,False,2000,ev10,insurance,4,0,267,38,0.14232209737827714,2.865517168012066,4.40087885728715,-3.8729904206057655,0.9701218110779131,1.1033158459732166,1.1301170751444534,2.6487612769655415,2.9224202890763338,0.04555480059793182,3.6759039715471253
synthetic,Synthetic baseline,False,2000,ev10,insurance,4,1,964,451,0.4678423236514523,2.6487612769655415,4.341526525508973,-0.07164935201880125,0.933736163517935,1.1033158459732166,1.1301170751444534,2.6487612769655415,2.9224202890763338,0.04555480059793182,3.6759039715471253
synthetic,Synthetic baseline,False,2000,ev10,insurance,4,2,604,90,0.1490066225165563,2.9224202890763338,3.9136568988202,-3.9451309684073914,0.9792909641158668,1.1033158459732166,1.1301170751444534,2.6487612769655415,2.9224202890763338,0.04555480059793182,3.6759039715471253
synthetic,Synthetic baseline,False,2000,ev10,insurance,4,3,165,21,0.12727272727272726,2.7262231407271775,3.894179597918758,-3.649004096568681,0.9672619047619048,1.1033158459732166,1.1301170751444534,2.6487612769655415,2.9224202890763338,0.04555480059793182,3.6759039715471253
nhanes2123,NHANES 21-23,True,820,m30,age_group,4,0,198,9,0.045454545454545456,1.8562453058666586,1.5255518722775543,-5.638398544222474,1.0,1.60152271596277,2.26869858453278,1.8562453058666586,2.972819023744714,0.07484407484407474,4.244094488188976
nhanes2123,NHANES 21-23,True,820,m30,age_group,4,1,149,12,0.08053691275167785,2.2483152155396278,1.9542960404982361,-4.774473906551918,0.9653284671532846,1.60152271596277,2.26869858453278,1.8562453058666586,2.972819023744714,0.07484407484407474,4.244094488188976
nhanes2123,NHANES 21-23,True,820,m30,age_group,4,2,254,49,0.19291338582677164,2.972819023744714,3.4610173732674197,-2.638152906489228,0.9630662020905922,1.60152271596277,2.26869858453278,1.8562453058666586,2.972819023744714,0.07484407484407474,4.244094488188976
nhanes2123,NHANES 21-23,True,820,m30,age_group,4,3,219,37,0.1689497716894977,2.682379802623114,3.125263154848116,-2.585068789586933,0.9251559251559253,1.60152271596277,2.26869858453278,1.8562453058666586,2.972819023744714,0.07484407484407474,4.244094488188976
nhanes2123,NHANES 21-23,True,820,m30,sex,2,0,427,50,0.117096018735363,2.736013497547178,3.0419733670405695,-3.9226737336057145,0.9527320954907161,1.089801412991661,1.1971060134647704,2.736013497547178,2.9817113755911704,0.020325548619559597,1.2386259541984732
nhanes2123,NHANES 21-23,True,820,m30,sex,2,1,393,57,0.1450381679389313,2.9817113755911704,3.641564610483941,-3.5344497271003763,0.9730576441102757,1.089801412991661,1.1971060134647704,2.736013497547178,2.9817113755911704,0.020325548619559597,1.2386259541984732
nhanes2123,NHANES 21-23,True,820,m30,race,5,0,51,8,0.1568627450980392,3.3929078448913765,4.884270303721479,-3.3897798729186746,0.9912790697674418,1.316005146392062,1.6140069666545487,2.5781873681826526,3.3929078448913765,0.0464975845410629,2.6160657811511703
nhanes2123,NHANES 21-23,True,820,m30,race,5,1,93,24,0.25806451612903225,3.1733513680016943,4.917498564124479,-2.6786377158183066,0.946256038647343,1.316005146392062,1.6140069666545487,2.5781873681826526,3.3929078448913765,0.0464975845410629,2.6160657811511703
nhanes2123,NHANES 21-23,True,820,m30,race,5,2,79,10,0.12658227848101267,3.112496418202102,3.4363904342144833,-4.038644461001453,0.9927536231884059,1.316005146392062,1.6140069666545487,2.5781873681826526,3.3929078448913765,0.0464975845410629,2.6160657811511703
nhanes2123,NHANES 21-23,True,820,m30,race,5,3,517,51,0.09864603481624758,2.5781873681826526,3.0467641501680007,-3.9383584417958266,0.952453084237987,1.316005146392062,1.6140069666545487,2.5781873681826526,3.3929078448913765,0.0464975845410629,2.6160657811511703
nhanes2123,NHANES 21-23,True,820,m30,race,5,4,80,14,0.175,3.331919871899728,3.805206509834601,-3.585551488532201,0.9805194805194805,1.316005146392062,1.6140069666545487,2.5781873681826526,3.3929078448913765,0.0464975845410629,2.6160657811511703
nhanes2123,NHANES 21-23,True,820,m30,insured,2,0,752,101,0.13430851063829788,2.8878092237105024,3.3177540370757095,-3.70050817805298,0.961780048972639,1.139703464064713,1.288255244888587,2.5338250823694355,2.8878092237105024,0.032843606941339476,1.5221631205673758
nhanes2123,NHANES 21-23,True,820,m30,insured,2,1,68,6,0.08823529411764706,2.5338250823694355,2.5753856234931467,-4.135857016238927,0.9946236559139785,1.139703464064713,1.288255244888587,2.5338250823694355,2.8878092237105024,0.032843606941339476,1.5221631205673758
nhanes2123,NHANES 21-23,True,820,ev10,age_group,3,1,149,12,0.08053691275167785,2.2483152155396278,1.9542960404982361,-4.774473906551918,0.9653284671532846,1.3222429858578326,1.7709790643515062,2.2483152155396278,2.972819023744714,0.04017254199735931,2.395341207349081
nhanes2123,NHANES 21-23,True,820,ev10,age_group,3,2,254,49,0.19291338582677164,2.972819023744714,3.4610173732674197,-2.638152906489228,0.9630662020905922,1.3222429858578326,1.7709790643515062,2.2483152155396278,2.972819023744714,0.04017254199735931,2.395341207349081
nhanes2123,NHANES 21-23,True,820,ev10,age_group,3,3,219,37,0.1689497716894977,2.682379802623114,3.125263154848116,-2.585068789586933,0.9251559251559253,1.3222429858578326,1.7709790643515062,2.2483152155396278,2.972819023744714,0.04017254199735931,2.395341207349081
nhanes2123,NHANES 21-23,True,820,ev10,sex,2,0,427,50,0.117096018735363,2.736013497547178,3.0419733670405695,-3.9226737336057145,0.9527320954907161,1.089801412991661,1.1971060134647704,2.736013497547178,2.9817113755911704,0.020325548619559597,1.2386259541984732
nhanes2123,NHANES 21-23,True,820,ev10,sex,2,1,393,57,0.1450381679389313,2.9817113755911704,3.641564610483941,-3.5344497271003763,0.9730576441102757,1.089801412991661,1.1971060134647704,2.736013497547178,2.9817113755911704,0.020325548619559597,1.2386259541984732
nhanes2123,NHANES 21-23,True,820,ev10,race,4,1,93,24,0.25806451612903225,3.1733513680016943,4.917498564124479,-2.6786377158183066,0.946256038647343,1.2923497776068837,1.6140069666545487,2.5781873681826526,3.331919871899728,0.0464975845410629,2.6160657811511703
nhanes2123,NHANES 21-23,True,820,ev10,race,4,2,79,10,0.12658227848101267,3.112496418202102,3.4363904342144833,-4.038644461001453,0.9927536231884059,1.2923497776068837,1.6140069666545487,2.5781873681826526,3.331919871899728,0.0464975845410629,2.6160657811511703
nhanes2123,NHANES 21-23,True,820,ev10,race,4,3,517,51,0.09864603481624758,2.5781873681826526,3.0467641501680007,-3.9383584417958266,0.952453084237987,1.2923497776068837,1.6140069666545487,2.5781873681826526,3.331919871899728,0.0464975845410629,2.6160657811511703
nhanes2123,NHANES 21-23,True,820,ev10,race,4,4,80,14,0.175,3.331919871899728,3.805206509834601,-3.585551488532201,0.9805194805194805,1.2923497776068837,1.6140069666545487,2.5781873681826526,3.331919871899728,0.0464975845410629,2.6160657811511703
german_credit,German Credit,False,200,m30,sex,2,0,60,40,0.6666666666666666,0.5795301892628926,0.7148289766236883,0.5806155171284277,0.635,1.157365088277686,1.1938461640100009,0.5795301892628926,0.6707280086558317,0.028000000000000136,1.0714285714285716
german_credit,German Credit,False,200,m30,sex,2,1,140,100,0.7142857142857143,0.6707280086558317,0.8533958316653848,1.0866827071477627,0.6630000000000001,1.157365088277686,1.1938461640100009,0.5795301892628926,0.6707280086558317,0.028000000000000136,1.0714285714285716
german_credit,German Credit,False,200,m30,age_group,2,0,68,45,0.6617647058823529,0.6821242874671428,0.8229401418328215,1.1901236545579634,0.693719806763285,1.050664586688737,1.024478638833158,0.6492312543024965,0.6821242874671428,0.02913943691975729,1.0875420875420876
german_credit,German Credit,False,200,m30,age_group,2,1,132,95,0.7196969696969697,0.6492312543024965,0.8430845963460549,0.8033644054428101,0.6645803698435278,1.050664586688737,1.024478638833158,0.6492312543024965,0.6821242874671428,0.02913943691975729,1.0875420875420876
german_credit,German Credit,False,200,ev10,sex,2,0,60,40,0.6666666666666666,0.5795301892628926,0.7148289766236883,0.5806155171284277,0.635,1.157365088277686,1.1938461640100009,0.5795301892628926,0.6707280086558317,0.028000000000000136,1.0714285714285716
german_credit,German Credit,False,200,ev10,sex,2,1,140,100,0.7142857142857143,0.6707280086558317,0.8533958316653848,1.0866827071477627,0.6630000000000001,1.157365088277686,1.1938461640100009,0.5795301892628926,0.6707280086558317,0.028000000000000136,1.0714285714285716
german_credit,German Credit,False,200,ev10,age_group,2,0,68,45,0.6617647058823529,0.6821242874671428,0.8229401418328215,1.1901236545579634,0.693719806763285,1.050664586688737,1.024478638833158,0.6492312543024965,0.6821242874671428,0.02913943691975729,1.0875420875420876
german_credit,German Credit,False,200,ev10,age_group,2,1,132,95,0.7196969696969697,0.6492312543024965,0.8430845963460549,0.8033644054428101,0.6645803698435278,1.050664586688737,1.024478638833158,0.6492312543024965,0.6821242874671428,0.02913943691975729,1.0875420875420876
