cohort,is_clinical,scheme,rule,rule_label,n_test,prevalence,n_levels_admitted,n_partitions_usable,observed_gap,null_mean,null_median,null_sd,null_skew,null_p95_mde,null_frac_below_own_mean,p_value,p_mc_se,p_report,p_is_floor,n_reps,exceeds_null_p95,exceeds_null_median,p_holm,p_bh,sig_raw,sig_holm,sig_bh
synthetic,False,independent,m20,n >= 20,2000,0.3,14,4,0.04555480059793182,0.03430957122375262,0.03224341792872493,0.012276204889551084,1.1530595850938317,0.05710708984909837,0.57,0.15658434156584342,0.003633287079216285,0.1566,False,10000,False,True,0.9017098290170984,0.2818518148185182,False,False,False
synthetic,False,independent,m30,n >= 30 (published default),2000,0.3,14,4,0.04555480059793182,0.03430957122375262,0.03224341792872493,0.012276204889551084,1.1530595850938317,0.05710708984909837,0.57,0.15658434156584342,0.003633287079216285,0.1566,False,10000,False,True,0.9017098290170984,0.2818518148185182,False,False,False
synthetic,False,independent,m50,n >= 50,2000,0.3,14,4,0.04555480059793182,0.03430957122375262,0.03224341792872493,0.012276204889551084,1.1530595850938317,0.05710708984909837,0.57,0.15658434156584342,0.003633287079216285,0.1566,False,10000,False,True,0.9017098290170984,0.2818518148185182,False,False,False
synthetic,False,independent,m100,n >= 100,2000,0.3,13,4,0.04555480059793182,0.029639049643777133,0.02797279353909743,0.01058046725875588,1.178401261758526,0.04901725541596564,0.5661,0.07479252074792521,0.002629066564391248,0.0748,False,10000,False,True,0.2574742525747425,0.0967903209679032,False,False,False
synthetic,False,independent,ev10,n_pos >= 10 and n_neg >= 10,2000,0.3,14,4,0.04555480059793182,0.03430957122375262,0.03224341792872493,0.012276204889551084,1.1530595850938317,0.05710708984909837,0.57,0.15658434156584342,0.003633287079216285,0.1566,False,10000,False,True,0.4697530246975302,0.20132272487037012,False,False,False
synthetic,False,joint,m20,n >= 20,2000,0.3,14,4,0.04555480059793182,0.03445831390852603,0.03247111948318093,0.012212502173297958,1.0096376442446606,0.057541953976156066,0.5661,0.1650834916508349,0.0037118054905934932,0.1651,False,10000,False,True,0.9239076092390761,0.29715028497150286,False,False,False
synthetic,False,joint,m30,n >= 30 (published default),2000,0.3,14,4,0.04555480059793182,0.03445831390852603,0.03247111948318093,0.012212502173297958,1.0096376442446606,0.057541953976156066,0.5661,0.1650834916508349,0.0037118054905934932,0.1651,False,10000,False,True,0.9239076092390761,0.29715028497150286,False,False,False
synthetic,False,joint,m50,n >= 50,2000,0.3,14,4,0.04555480059793182,0.03445831390852603,0.03247111948318093,0.012212502173297958,1.0096376442446606,0.057541953976156066,0.5661,0.1650834916508349,0.0037118054905934932,0.1651,False,10000,False,True,0.9239076092390761,0.29715028497150286,False,False,False
synthetic,False,joint,m100,n >= 100,2000,0.3,13,4,0.04555480059793182,0.02949160133953325,0.027765211646685772,0.01048748705293953,1.0009005828867326,0.049115774668739336,0.5703,0.0781921807819218,0.0026832888402108335,0.0782,False,10000,False,True,0.252974702529747,0.1042562410425624,False,False,False
synthetic,False,joint,ev10,n_pos >= 10 and n_neg >= 10,2000,0.3,14,4,0.04555480059793182,0.03445831390852603,0.03247111948318093,0.012212502173297958,1.0096376442446606,0.057541953976156066,0.5661,0.1650834916508349,0.0037118054905934932,0.1651,False,10000,False,True,0.49525047495250474,0.21225020355107346,False,False,False
uci_heart,True,independent,m20,n >= 20,61,0.5409836065573771,2,0,,,,,,,,,,,,10000,,,,,False,False,False
uci_heart,True,independent,m30,n >= 30 (published default),61,0.5409836065573771,1,0,,,,,,,,,,,,10000,,,,,False,False,False
uci_heart,True,independent,m50,n >= 50,61,0.5409836065573771,0,0,,,,,,,,,,,,10000,,,,,False,False,False
uci_heart,True,independent,m100,n >= 100,61,0.5409836065573771,0,0,,,,,,,,,,,,10000,,,,,False,False,False
uci_heart,True,independent,ev10,n_pos >= 10 and n_neg >= 10,61,0.5409836065573771,2,0,,,,,,,,,,,,10000,,,,,False,False,False
uci_heart,True,joint,m20,n >= 20,61,0.5409836065573771,2,0,,,,,,,,,,,,10000,,,,,False,False,False
uci_heart,True,joint,m30,n >= 30 (published default),61,0.5409836065573771,1,0,,,,,,,,,,,,10000,,,,,False,False,False
uci_heart,True,joint,m50,n >= 50,61,0.5409836065573771,0,0,,,,,,,,,,,,10000,,,,,False,False,False
uci_heart,True,joint,m100,n >= 100,61,0.5409836065573771,0,0,,,,,,,,,,,,10000,,,,,False,False,False
uci_heart,True,joint,ev10,n_pos >= 10 and n_neg >= 10,61,0.5409836065573771,2,0,,,,,,,,,,,,10000,,,,,False,False,False
diabetes130,True,independent,m20,n >= 20,19890,0.1159376571141277,16,3,0.21604857190810645,0.15566766757699457,0.1474386844166951,0.05780028833520488,0.7790881723775978,0.2630055194262145,0.5546,0.15028497150284972,0.003572673508732641,0.1503,False,10000,False,True,0.9017098290170984,0.2818518148185182,False,False,False
diabetes130,True,independent,m30,n >= 30 (published default),19890,0.1159376571141277,16,3,0.21604857190810645,0.15566766757699457,0.1474386844166951,0.05780028833520488,0.7790881723775978,0.2630055194262145,0.5546,0.15028497150284972,0.003572673508732641,0.1503,False,10000,False,True,0.9017098290170984,0.2818518148185182,False,False,False
diabetes130,True,independent,m50,n >= 50,19890,0.1159376571141277,16,3,0.21604857190810645,0.15566766757699457,0.1474386844166951,0.05780028833520488,0.7790881723775978,0.2630055194262145,0.5546,0.15028497150284972,0.003572673508732641,0.1503,False,10000,False,True,0.9017098290170984,0.2818518148185182,False,False,False
diabetes130,True,independent,m100,n >= 100,19890,0.1159376571141277,15,3,0.21604857190810645,0.1256927358331857,0.11786576898315426,0.047753371108560747,0.8834879591792322,0.21730693291692846,0.5665,0.0514948505149485,0.002208122279222779,0.0515,False,10000,False,True,0.2574742525747425,0.09439056094390562,False,False,False
diabetes130,True,independent,ev10,n_pos >= 10 and n_neg >= 10,19890,0.1159376571141277,15,3,0.21604857190810645,0.1256927358331857,0.11786576898315426,0.047753371108560747,0.8834879591792322,0.21730693291692846,0.5665,0.0514948505149485,0.002208122279222779,0.0515,False,10000,False,True,0.308969103089691,0.09953004699530046,False,False,False
diabetes130,True,joint,m20,n >= 20,19890,0.1159376571141277,16,3,0.21604857190810645,0.15629664490348588,0.14805158691761267,0.058057224972015084,0.765536943946131,0.26492134402987916,0.5552,0.15398460153984603,0.0036085286475238077,0.1540,False,10000,False,True,0.9239076092390761,0.29715028497150286,False,False,False
diabetes130,True,joint,m30,n >= 30 (published default),19890,0.1159376571141277,16,3,0.21604857190810645,0.15629664490348588,0.14805158691761267,0.058057224972015084,0.765536943946131,0.26492134402987916,0.5552,0.15398460153984603,0.0036085286475238077,0.1540,False,10000,False,True,0.9239076092390761,0.29715028497150286,False,False,False
diabetes130,True,joint,m50,n >= 50,19890,0.1159376571141277,16,3,0.21604857190810645,0.15629664490348588,0.14805158691761267,0.058057224972015084,0.765536943946131,0.26492134402987916,0.5552,0.15398460153984603,0.0036085286475238077,0.1540,False,10000,False,True,0.9239076092390761,0.29715028497150286,False,False,False
diabetes130,True,joint,m100,n >= 100,19890,0.1159376571141277,15,3,0.21604857190810645,0.12551365172062645,0.11764855156035231,0.047516176604822255,0.8970510282735363,0.21661454041048292,0.5674,0.050594940505949405,0.0021897431356211624,0.0506,False,10000,False,True,0.252974702529747,0.1003099690030997,False,False,False
diabetes130,True,joint,ev10,n_pos >= 10 and n_neg >= 10,19890,0.1159376571141277,15,3,0.21604857190810645,0.12551365172062645,0.11764855156035231,0.047516176604822255,0.8970510282735363,0.21661454041048292,0.5674,0.050594940505949405,0.0021897431356211624,0.0506,False,10000,False,True,0.30356964303569645,0.10348965103489652,False,False,False
nhis2024,True,independent,m20,n >= 20,1950,0.07487179487179488,19,5,0.3279162152401589,0.21129335760268464,0.1960093896713615,0.07806311512486405,1.2437695243553661,0.364292557671611,0.5848,0.08499150084991501,0.0027873282906754992,0.0850,False,10000,False,True,0.5949405059494051,0.254974502549745,False,False,False
nhis2024,True,independent,m30,n >= 30 (published default),1950,0.07487179487179488,19,5,0.3279162152401589,0.21129335760268464,0.1960093896713615,0.07806311512486405,1.2437695243553661,0.364292557671611,0.5848,0.08499150084991501,0.0027873282906754992,0.0850,False,10000,False,True,0.5949405059494051,0.254974502549745,False,False,False
nhis2024,True,independent,m50,n >= 50,1950,0.07487179487179488,19,5,0.3279162152401589,0.21129335760268464,0.1960093896713615,0.07806311512486405,1.2437695243553661,0.364292557671611,0.5848,0.08499150084991501,0.0027873282906754992,0.0850,False,10000,False,True,0.5949405059494051,0.254974502549745,False,False,False
nhis2024,True,independent,m100,n >= 100,1950,0.07487179487179488,18,5,0.3279162152401589,0.19300038690280466,0.1767239710309852,0.07495652947062115,1.3225876336925269,0.33932127889022484,0.5877,0.058994100589941006,0.0023543744392088527,0.0590,False,10000,False,True,0.2574742525747425,0.09439056094390562,False,False,False
nhis2024,True,independent,ev10,n_pos >= 10 and n_neg >= 10,1950,0.07487179487179488,14,4,0.18094033051444747,0.10443936886257629,0.09996147780065462,0.032840455973035365,0.8920468065813457,0.16548565192429518,0.5589,0.027997200279972004,0.0016468633823119633,0.0280,False,10000,True,True,0.19598040195980404,0.08399160083991601,True,False,False
nhis2024,True,joint,m20,n >= 20,1950,0.07487179487179488,19,5,0.3279162152401589,0.21005652236797367,0.19304852365308967,0.07903467637303292,1.274866583115412,0.3655900144456478,0.5964,0.08739126087391261,0.002822741752268528,0.0874,False,10000,False,True,0.6117388261173883,0.26217378262173785,False,False,False
nhis2024,True,joint,m30,n >= 30 (published default),1950,0.07487179487179488,19,5,0.3279162152401589,0.21005652236797367,0.19304852365308967,0.07903467637303292,1.274866583115412,0.3655900144456478,0.5964,0.08739126087391261,0.002822741752268528,0.0874,False,10000,False,True,0.6117388261173883,0.26217378262173785,False,False,False
nhis2024,True,joint,m50,n >= 50,1950,0.07487179487179488,19,5,0.3279162152401589,0.21005652236797367,0.19304852365308967,0.07903467637303292,1.274866583115412,0.3655900144456478,0.5964,0.08739126087391261,0.002822741752268528,0.0874,False,10000,False,True,0.6117388261173883,0.26217378262173785,False,False,False
nhis2024,True,joint,m100,n >= 100,1950,0.07487179487179488,18,5,0.3279162152401589,0.19239528422784297,0.17553193869449818,0.07557749679519651,1.26493983867051,0.3429914384938132,0.594,0.06269373062693731,0.002422421102946389,0.0627,False,10000,False,True,0.252974702529747,0.1003099690030997,False,False,False
nhis2024,True,joint,ev10,n_pos >= 10 and n_neg >= 10,1950,0.07487179487179488,14,4,0.18094033051444747,0.1041705397615706,0.10051537784069497,0.03255930753488941,0.8346331678282342,0.16358717406062326,0.5487,0.0244975502449755,0.0015428752379891253,0.0245,False,10000,True,True,0.17148285171482852,0.0734926507349265,True,False,False
nhis2023,True,independent,m20,n >= 20,5423,0.11174626590448092,15,4,0.12900378310214378,0.18760324921890797,0.17121144298024316,0.08297862638618111,1.2389109933806552,0.34570755832282457,0.589,0.7557244275572442,0.004296713976982875,0.7557,False,10000,False,False,1.0,0.8501899810018998,False,False,False
nhis2023,True,independent,m30,n >= 30 (published default),5423,0.11174626590448092,15,4,0.12900378310214378,0.18760324921890797,0.17121144298024316,0.08297862638618111,1.2389109933806552,0.34570755832282457,0.589,0.7557244275572442,0.004296713976982875,0.7557,False,10000,False,False,1.0,0.8501899810018998,False,False,False
nhis2023,True,independent,m50,n >= 50,5423,0.11174626590448092,13,4,0.12801324625766863,0.10120934832829281,0.09258525561918896,0.044874574913703974,1.350838978023603,0.18413962863383593,0.5815,0.22397760223977603,0.004168558383902041,0.2240,False,10000,False,True,0.9017098290170984,0.33596640335966405,False,False,False
nhis2023,True,independent,m100,n >= 100,5423,0.11174626590448092,12,4,0.12801324625766863,0.06773109590471939,0.06468387221019056,0.024532002480729224,0.8724753241152493,0.11227590659629151,0.5547,0.0187981201879812,0.0013546331606748745,0.0188,False,10000,True,True,0.11278872112788721,0.0501283205012832,True,False,False
nhis2023,True,independent,ev10,n_pos >= 10 and n_neg >= 10,5423,0.11174626590448092,12,4,0.12801324625766863,0.06773109590471939,0.06468387221019056,0.024532002480729224,0.8724753241152493,0.11227590659629151,0.5547,0.0187981201879812,0.0013546331606748745,0.0188,False,10000,True,True,0.1503849615038496,0.08399160083991601,True,False,False
nhis2023,True,joint,m20,n >= 20,5423,0.11174626590448092,15,4,0.12900378310214378,0.18689802581184825,0.17053412612413743,0.08523201982000081,1.3166118062940635,0.351923295544885,0.5885,0.7422257774222578,0.0043742331899431245,0.7422,False,10000,False,False,1.0,0.83500399960004,False,False,False
nhis2023,True,joint,m30,n >= 30 (published default),5423,0.11174626590448092,15,4,0.12900378310214378,0.18689802581184825,0.17053412612413743,0.08523201982000081,1.3166118062940635,0.351923295544885,0.5885,0.7422257774222578,0.0043742331899431245,0.7422,False,10000,False,False,1.0,0.83500399960004,False,False,False
nhis2023,True,joint,m50,n >= 50,5423,0.11174626590448092,13,4,0.12801324625766863,0.10105075187731676,0.09257297406570042,0.04501309722892178,1.3622563377851356,0.1839926210498069,0.581,0.2243775622437756,0.004171204981776849,0.2244,False,10000,False,True,0.9239076092390761,0.33656634336566343,False,False,False
nhis2023,True,joint,m100,n >= 100,5423,0.11174626590448092,12,4,0.12801324625766863,0.06765880070638856,0.06448095873024895,0.024389971940661913,0.8165050908911365,0.11234173515103377,0.5546,0.0178982101789821,0.0013222390101641987,0.0179,False,10000,True,True,0.1073892610738926,0.0477285604772856,True,False,True
nhis2023,True,joint,ev10,n_pos >= 10 and n_neg >= 10,5423,0.11174626590448092,12,4,0.12801324625766863,0.06765880070638856,0.06448095873024895,0.024389971940661913,0.8165050908911365,0.11234173515103377,0.5546,0.0178982101789821,0.0013222390101641987,0.0179,False,10000,True,True,0.1431856814318568,0.0734926507349265,True,False,False
nhanes2123,True,independent,m20,n >= 20,820,0.13048780487804879,13,4,0.07484407484407485,0.06830974380799207,0.06260862403067746,0.024808768429748662,1.4800493186119565,0.11581195788747421,0.5959,0.3097690230976902,0.00462369884399925,0.3098,False,10000,False,True,1.0,0.4318282457468539,False,False,False
nhanes2123,True,independent,m30,n >= 30 (published default),820,0.13048780487804879,13,4,0.07484407484407485,0.06830974380799207,0.06260862403067746,0.024808768429748662,1.4800493186119565,0.11581195788747421,0.5959,0.3097690230976902,0.00462369884399925,0.3098,False,10000,False,True,1.0,0.4318282457468539,False,False,False
nhanes2123,True,independent,m50,n >= 50,820,0.13048780487804879,13,4,0.07484407484407485,0.06830974380799207,0.06260862403067746,0.024808768429748662,1.4800493186119565,0.11581195788747421,0.5959,0.3097690230976902,0.00462369884399925,0.3098,False,10000,False,True,0.9293070692930707,0.3778497150284971,False,False,False
nhanes2123,True,independent,m100,n >= 100,820,0.13048780487804879,8,2,0.07484407484407485,0.046730621988490956,0.0430812373127511,0.019559188633958426,1.3544275082491666,0.08521272457809355,0.5902,0.0846915308469153,0.0027828553681425844,0.0847,False,10000,False,True,0.2574742525747425,0.0967903209679032,False,False,False
nhanes2123,True,independent,ev10,n_pos >= 10 and n_neg >= 10,820,0.13048780487804879,10,3,0.046497584541062786,0.05232744427959593,0.048624648726803055,0.019612237885343057,1.2803708275375956,0.09027051394791787,0.5878,0.5520447955204479,0.004972886485734416,0.5520,False,10000,False,False,1.0,0.621050394960504,False,False,False
nhanes2123,True,joint,m20,n >= 20,820,0.13048780487804879,13,4,0.07484407484407485,0.06803752801419656,0.062356874140863106,0.025297525890886567,1.5184829683740582,0.11739248068649667,0.594,0.3093690630936906,0.004622050518979644,0.3094,False,10000,False,True,1.0,0.4379990572371335,False,False,False
nhanes2123,True,joint,m30,n >= 30 (published default),820,0.13048780487804879,13,4,0.07484407484407485,0.06803752801419656,0.062356874140863106,0.025297525890886567,1.5184829683740582,0.11739248068649667,0.594,0.3093690630936906,0.004622050518979644,0.3094,False,10000,False,True,1.0,0.4379990572371335,False,False,False
nhanes2123,True,joint,m50,n >= 50,820,0.13048780487804879,13,4,0.07484407484407485,0.06803752801419656,0.062356874140863106,0.025297525890886567,1.5184829683740582,0.11739248068649667,0.594,0.3093690630936906,0.004622050518979644,0.3094,False,10000,False,True,0.9281071892810718,0.3832491750824918,False,False,False
nhanes2123,True,joint,m100,n >= 100,820,0.13048780487804879,8,2,0.07484407484407485,0.04691616785311598,0.04307977847410299,0.020136183341349555,1.3257450778844864,0.08739470556177768,0.5995,0.09549045095490451,0.002937666420817721,0.0955,False,10000,False,True,0.252974702529747,0.10913194394846229,False,False,False
nhanes2123,True,joint,ev10,n_pos >= 10 and n_neg >= 10,820,0.13048780487804879,10,3,0.046497584541062786,0.052098254353506686,0.048373471731135986,0.01971305393889476,1.2155894206780726,0.0898274195719451,0.5884,0.5480451954804519,0.004976906669810074,0.5480,False,10000,False,False,1.0,0.6165508449155084,False,False,False
brfss2024,True,independent,m20,n >= 20,8978,0.21073735798618845,24,5,0.22373194766285143,0.14670438930961988,0.1403122601228171,0.0467910388165168,0.753012934824905,0.23313897988866583,0.5568,0.06579342065793421,0.0024775695752087368,0.0658,False,10000,False,True,0.5263473652634737,0.254974502549745,False,False,False
brfss2024,True,independent,m30,n >= 30 (published default),8978,0.21073735798618845,24,5,0.22373194766285143,0.14670438930961988,0.1403122601228171,0.0467910388165168,0.753012934824905,0.23313897988866583,0.5568,0.06579342065793421,0.0024775695752087368,0.0658,False,10000,False,True,0.5263473652634737,0.254974502549745,False,False,False
brfss2024,True,independent,m50,n >= 50,8978,0.21073735798618845,24,5,0.22373194766285143,0.14670438930961988,0.1403122601228171,0.0467910388165168,0.753012934824905,0.23313897988866583,0.5568,0.06579342065793421,0.0024775695752087368,0.0658,False,10000,False,True,0.5263473652634737,0.254974502549745,False,False,False
brfss2024,True,independent,m100,n >= 100,8978,0.21073735798618845,22,5,0.11368021159369424,0.11785779786246318,0.11189061200665262,0.03996588091554225,0.9085127360299368,0.19253034998672408,0.5587,0.48485151484851513,0.004997689065958386,0.4849,False,10000,False,True,0.48485151484851513,0.48485151484851513,False,False,False
brfss2024,True,independent,ev10,n_pos >= 10 and n_neg >= 10,8978,0.21073735798618845,23,5,0.22373194766285143,0.13793757016000738,0.1307843137254902,0.047756243890651244,0.8283484319849672,0.2272592265988509,0.5641,0.0552944705529447,0.0022837022573006316,0.0553,False,10000,False,True,0.308969103089691,0.09953004699530046,False,False,False
brfss2024,True,joint,m20,n >= 20,8978,0.21073735798618845,24,5,0.22373194766285143,0.14632600295264603,0.13982900741956955,0.047207135102548994,0.8147488794631162,0.23345553056241047,0.5576,0.0685931406859314,0.002526019596123514,0.0686,False,10000,False,True,0.5487451254874512,0.26217378262173785,False,False,False
brfss2024,True,joint,m30,n >= 30 (published default),8978,0.21073735798618845,24,5,0.22373194766285143,0.14632600295264603,0.13982900741956955,0.047207135102548994,0.8147488794631162,0.23345553056241047,0.5576,0.0685931406859314,0.002526019596123514,0.0686,False,10000,False,True,0.5487451254874512,0.26217378262173785,False,False,False
brfss2024,True,joint,m50,n >= 50,8978,0.21073735798618845,24,5,0.22373194766285143,0.14632600295264603,0.13982900741956955,0.047207135102548994,0.8147488794631162,0.23345553056241047,0.5576,0.0685931406859314,0.002526019596123514,0.0686,False,10000,False,True,0.5487451254874512,0.26217378262173785,False,False,False
brfss2024,True,joint,m100,n >= 100,8978,0.21073735798618845,22,5,0.11368021159369424,0.11713237016582861,0.11025371901284514,0.0401519887315565,0.9986112741149736,0.19210926207294204,0.5676,0.46685331466853314,0.004988965423812837,0.4669,False,10000,False,True,0.46685331466853314,0.46685331466853314,False,False,False
brfss2024,True,joint,ev10,n_pos >= 10 and n_neg >= 10,8978,0.21073735798618845,23,5,0.22373194766285143,0.13747383689374307,0.12980306956465532,0.04811361479620587,0.877516045804984,0.22823781907129048,0.5626,0.05749425057494251,0.0023260533097932213,0.0575,False,10000,False,True,0.30356964303569645,0.10348965103489652,False,False,False
adult_income,False,independent,m20,n >= 20,9045,0.2478717523493643,9,3,0.08080979653560305,0.07187756571249011,0.06642340602756325,0.03473829761393549,1.0478348923528862,0.13803087293972113,0.5622,0.33586641335866413,0.00472269372286622,0.3359,False,10000,False,True,1.0,0.4318282457468539,False,False,False
adult_income,False,independent,m30,n >= 30 (published default),9045,0.2478717523493643,9,3,0.08080979653560305,0.07187756571249011,0.06642340602756325,0.03473829761393549,1.0478348923528862,0.13803087293972113,0.5622,0.33586641335866413,0.00472269372286622,0.3359,False,10000,False,True,1.0,0.4318282457468539,False,False,False
adult_income,False,independent,m50,n >= 50,9045,0.2478717523493643,9,3,0.08080979653560305,0.07187756571249011,0.06642340602756325,0.03473829761393549,1.0478348923528862,0.13803087293972113,0.5622,0.33586641335866413,0.00472269372286622,0.3359,False,10000,False,True,0.9293070692930707,0.3778497150284971,False,False,False
adult_income,False,independent,m100,n >= 100,9045,0.2478717523493643,7,3,0.06726777249691163,0.024638340596105666,0.021961031957058452,0.013262622822537784,1.111396781792573,0.050357471606140486,0.58,0.007999200079992,0.0008853016435091489,0.0080,False,10000,True,True,0.05599440055994401,0.031996800319968,True,False,True
adult_income,False,independent,ev10,n_pos >= 10 and n_neg >= 10,9045,0.2478717523493643,8,3,0.08080979653560305,0.048794991243158656,0.04418230843676357,0.026703657192244483,1.1922515431846286,0.09944223936159423,0.5693,0.11738826117388261,0.0032177742307377627,0.1174,False,10000,False,True,0.46955304469553044,0.1760823917608239,False,False,False
adult_income,False,joint,m20,n >= 20,9045,0.2478717523493643,9,3,0.08080979653560305,0.07220802870979043,0.06664227790988364,0.035117150189926866,1.0691780179601729,0.13941067547243804,0.5588,0.34066593340665935,0.004739110043035507,0.3407,False,10000,False,True,1.0,0.4379990572371335,False,False,False
adult_income,False,joint,m30,n >= 30 (published default),9045,0.2478717523493643,9,3,0.08080979653560305,0.07220802870979043,0.06664227790988364,0.035117150189926866,1.0691780179601729,0.13941067547243804,0.5588,0.34066593340665935,0.004739110043035507,0.3407,False,10000,False,True,1.0,0.4379990572371335,False,False,False
adult_income,False,joint,m50,n >= 50,9045,0.2478717523493643,9,3,0.08080979653560305,0.07220802870979043,0.06664227790988364,0.035117150189926866,1.0691780179601729,0.13941067547243804,0.5588,0.34066593340665935,0.004739110043035507,0.3407,False,10000,False,True,0.9281071892810718,0.3832491750824918,False,False,False
adult_income,False,joint,m100,n >= 100,9045,0.2478717523493643,7,3,0.06726777249691163,0.024804407369475142,0.022007538276618055,0.01322377932335505,1.0677487703712103,0.05037499228829044,0.5798,0.0082991700829917,0.0009018181634897359,0.0083,False,10000,True,True,0.0580941905809419,0.0331966803319668,True,False,True
adult_income,False,joint,ev10,n_pos >= 10 and n_neg >= 10,9045,0.2478717523493643,8,3,0.08080979653560305,0.048961641602501126,0.044399286858908815,0.026755746275294496,1.1258485946303494,0.09888148484692506,0.569,0.1207879212078792,0.00325778314195405,0.1208,False,10000,False,True,0.4831516848315168,0.18118188181181882,False,False,False
acs_income,False,independent,m20,n >= 20,4000,0.4105,6,3,0.052729798215596535,0.015753139740639823,0.01508056719809453,0.0069101255488890866,0.5930742218997563,0.028098232460475988,0.5395,9.999000099990002e-05,0.0,<= 1.00e-04,True,10000,True,True,0.0008999100089991002,0.0008999100089991002,True,True,True
acs_income,False,independent,m30,n >= 30 (published default),4000,0.4105,6,3,0.052729798215596535,0.015753139740639823,0.01508056719809453,0.0069101255488890866,0.5930742218997563,0.028098232460475988,0.5395,9.999000099990002e-05,0.0,<= 1.00e-04,True,10000,True,True,0.0008999100089991002,0.0008999100089991002,True,True,True
acs_income,False,independent,m50,n >= 50,4000,0.4105,6,3,0.052729798215596535,0.015753139740639823,0.01508056719809453,0.0069101255488890866,0.5930742218997563,0.028098232460475988,0.5395,9.999000099990002e-05,0.0,<= 1.00e-04,True,10000,True,True,0.0008999100089991002,0.0008999100089991002,True,True,True
acs_income,False,independent,m100,n >= 100,4000,0.4105,6,3,0.052729798215596535,0.015753139740639823,0.01508056719809453,0.0069101255488890866,0.5930742218997563,0.028098232460475988,0.5395,9.999000099990002e-05,0.0,<= 1.00e-04,True,10000,True,True,0.0007999200079992001,0.0007999200079992001,True,True,True
acs_income,False,independent,ev10,n_pos >= 10 and n_neg >= 10,4000,0.4105,6,3,0.052729798215596535,0.015753139740639823,0.01508056719809453,0.0069101255488890866,0.5930742218997563,0.028098232460475988,0.5395,9.999000099990002e-05,0.0,<= 1.00e-04,True,10000,True,True,0.0008999100089991002,0.0008999100089991002,True,True,True
acs_income,False,joint,m20,n >= 20,4000,0.4105,6,3,0.052729798215596535,0.015696957717016208,0.015056707755948806,0.00696866359718177,0.6472283674863708,0.028158045767930896,0.5343,9.999000099990002e-05,0.0,<= 1.00e-04,True,10000,True,True,0.0008999100089991002,0.0008999100089991002,True,True,True
acs_income,False,joint,m30,n >= 30 (published default),4000,0.4105,6,3,0.052729798215596535,0.015696957717016208,0.015056707755948806,0.00696866359718177,0.6472283674863708,0.028158045767930896,0.5343,9.999000099990002e-05,0.0,<= 1.00e-04,True,10000,True,True,0.0008999100089991002,0.0008999100089991002,True,True,True
acs_income,False,joint,m50,n >= 50,4000,0.4105,6,3,0.052729798215596535,0.015696957717016208,0.015056707755948806,0.00696866359718177,0.6472283674863708,0.028158045767930896,0.5343,9.999000099990002e-05,0.0,<= 1.00e-04,True,10000,True,True,0.0008999100089991002,0.0008999100089991002,True,True,True
acs_income,False,joint,m100,n >= 100,4000,0.4105,6,3,0.052729798215596535,0.015696957717016208,0.015056707755948806,0.00696866359718177,0.6472283674863708,0.028158045767930896,0.5343,9.999000099990002e-05,0.0,<= 1.00e-04,True,10000,True,True,0.0007999200079992001,0.0007999200079992001,True,True,True
acs_income,False,joint,ev10,n_pos >= 10 and n_neg >= 10,4000,0.4105,6,3,0.052729798215596535,0.015696957717016208,0.015056707755948806,0.00696866359718177,0.6472283674863708,0.028158045767930896,0.5343,9.999000099990002e-05,0.0,<= 1.00e-04,True,10000,True,True,0.0008999100089991002,0.0008999100089991002,True,True,True
german_credit,False,independent,m20,n >= 20,200,0.7,4,2,0.02913943691975729,0.1037802106972533,0.09724999999999995,0.055626914018764705,0.6713102925544481,0.20624999999999993,0.5475,0.9388061193880612,0.002396968084893915,0.9388,False,10000,False,False,1.0,0.9388061193880612,False,False,False
german_credit,False,independent,m30,n >= 30 (published default),200,0.7,4,2,0.02913943691975729,0.1037802106972533,0.09724999999999995,0.055626914018764705,0.6713102925544481,0.20624999999999993,0.5475,0.9388061193880612,0.002396968084893915,0.9388,False,10000,False,False,1.0,0.9388061193880612,False,False,False
german_credit,False,independent,m50,n >= 50,200,0.7,4,2,0.02913943691975729,0.1037802106972533,0.09724999999999995,0.055626914018764705,0.6713102925544481,0.20624999999999993,0.5475,0.9388061193880612,0.002396968084893915,0.9388,False,10000,False,False,0.9388061193880612,0.9388061193880612,False,False,False
german_credit,False,independent,m100,n >= 100,200,0.7,2,0,,,,,,,,,,,,10000,,,,,False,False,False
german_credit,False,independent,ev10,n_pos >= 10 and n_neg >= 10,200,0.7,4,2,0.02913943691975729,0.1037802106972533,0.09724999999999995,0.055626914018764705,0.6713102925544481,0.20624999999999993,0.5475,0.9388061193880612,0.002396968084893915,0.9388,False,10000,False,False,1.0,0.9388061193880612,False,False,False
german_credit,False,joint,m20,n >= 20,200,0.7,4,2,0.02913943691975729,0.10276949473632671,0.09575,0.055028664649858915,0.6867330835994526,0.20424999999999993,0.5514,0.9357064293570643,0.0024528658748492554,0.9357,False,10000,False,False,1.0,0.9357064293570643,False,False,False
german_credit,False,joint,m30,n >= 30 (published default),200,0.7,4,2,0.02913943691975729,0.10276949473632671,0.09575,0.055028664649858915,0.6867330835994526,0.20424999999999993,0.5514,0.9357064293570643,0.0024528658748492554,0.9357,False,10000,False,False,1.0,0.9357064293570643,False,False,False
german_credit,False,joint,m50,n >= 50,200,0.7,4,2,0.02913943691975729,0.10276949473632671,0.09575,0.055028664649858915,0.6867330835994526,0.20424999999999993,0.5514,0.9357064293570643,0.0024528658748492554,0.9357,False,10000,False,False,0.9357064293570643,0.9357064293570643,False,False,False
german_credit,False,joint,m100,n >= 100,200,0.7,2,0,,,,,,,,,,,,10000,,,,,False,False,False
german_credit,False,joint,ev10,n_pos >= 10 and n_neg >= 10,200,0.7,4,2,0.02913943691975729,0.10276949473632671,0.09575,0.055028664649858915,0.6867330835994526,0.20424999999999993,0.5514,0.9357064293570643,0.0024528658748492554,0.9357,False,10000,False,False,1.0,0.9357064293570643,False,False,False
