method,permutation_scheme,cohort,cohort_label,is_clinical,n_test,conclusion_m20,conclusion_m30,conclusion_m50,conclusion_m100,conclusion_ev10,p_m20,p_m30,p_m50,p_m100,p_ev10,stat_m20,stat_m30,stat_m50,stat_m100,stat_ev10,n_rules_evaluable,n_distinct_verdicts,verdict_constant,verdict_constant_strict,n_rules_differing_from_m30,differs_from_m30,rules_flagged,p_min,p_max,p_range,p_straddles_alpha
diciccio2020,joint,diabetes130,Diabetes 130,True,19890,flag,flag,flag,flag,flag,0.0038996100389961,0.0038996100389961,0.0038996100389961,0.0011998800119988,0.0011998800119988,5.882265422596609,5.882265422596609,5.882265422596609,5.882265422596609,5.882265422596609,5,1,True,True,0,False,m20;m30;m50;m100;ev10,0.0011998800119988,0.0038996100389961,0.0026997300269973002,False
fixed_threshold_005,,diabetes130,Diabetes 130,True,19890,flag,flag,flag,flag,flag,,,,,,0.2160485719081065,0.2160485719081065,0.2160485719081065,0.2160485719081065,0.2160485719081065,5,1,True,True,0,False,m20;m30;m50;m100;ev10,,,,False
four_fifths,,diabetes130,Diabetes 130,True,19890,flag,flag,flag,flag,flag,,,,,,0.725563533271954,0.725563533271954,0.725563533271954,0.725563533271954,0.725563533271954,5,1,True,True,0,False,m20;m30;m50;m100;ev10,,,,False
lum2022,,diabetes130,Diabetes 130,True,19890,flag,flag,flag,flag,flag,0.0042084522997818,0.0042084522997818,0.0042084522997818,0.0042084522997818,0.0042084522997818,0.0041268058180008,0.0041268058180008,0.0041268058180008,0.0041268058180008,0.0041268058180008,5,1,True,True,0,False,m20;m30;m50;m100;ev10,0.0042084522997818,0.0042084522997818,0.0,False
lum2022_bootstrapCI,,diabetes130,Diabetes 130,True,19890,flag,flag,flag,flag,flag,,,,,,0.0041268058180008,0.0041268058180008,0.0041268058180008,0.0041268058180008,0.0041268058180008,5,1,True,True,0,False,m20;m30;m50;m100;ev10,,,,False
lum2022_cochranQ,,diabetes130,Diabetes 130,True,19890,flag,flag,flag,flag,flag,1.6123767255555327e-10,1.6123767255555327e-10,1.6123767255555327e-10,1.6123767255555327e-10,1.6123767255555327e-10,0.0026267414376883,0.0026267414376883,0.0026267414376883,0.0026267414376883,0.0026267414376883,5,1,True,True,0,False,m20;m30;m50;m100;ev10,1.6123767255555327e-10,1.6123767255555327e-10,0.0,False
permutation_null,joint,diabetes130,Diabetes 130,True,19890,no_flag,no_flag,no_flag,no_flag,no_flag,0.153984601539846,0.153984601539846,0.153984601539846,0.0505949405059494,0.0505949405059494,0.2160485719081064,0.2160485719081064,0.2160485719081064,0.2160485719081064,0.2160485719081064,5,1,True,True,0,False,,0.0505949405059494,0.153984601539846,0.1033896610338966,False
diciccio2020,joint,brfss2024,BRFSS 2024,True,8978,flag,flag,flag,no_flag,flag,0.0051994800519948,0.0051994800519948,0.0051994800519948,0.1920807919208079,0.0016998300169983,7.051599791306185,7.051599791306185,7.051599791306185,2.9382859634229592,7.051599791306185,5,2,False,False,1,True,m20;m30;m50;ev10,0.0016998300169983,0.1920807919208079,0.1903809619038096,True
fixed_threshold_005,,brfss2024,BRFSS 2024,True,8978,flag,flag,flag,flag,flag,,,,,,0.2237319476628513,0.2237319476628513,0.2237319476628513,0.1136802115936941,0.2237319476628513,5,1,True,True,0,False,m20;m30;m50;m100;ev10,,,,False
four_fifths,,brfss2024,BRFSS 2024,True,8978,flag,flag,flag,no_flag,flag,,,,,,0.7645805625338653,0.7645805625338653,0.7645805625338653,0.8647151936164332,0.7645805625338653,5,2,False,False,1,True,m20;m30;m50;ev10,,,,False
lum2022,,brfss2024,BRFSS 2024,True,8978,flag,flag,flag,no_flag,flag,2.1271081627346623e-08,2.1271081627346623e-08,2.1271081627346623e-08,1.0,2.1271081627346623e-08,0.0042388174290236,0.0042388174290236,0.0042388174290236,0.0004117043320138,0.0042388174290236,5,2,False,False,1,True,m20;m30;m50;ev10,2.1271081627346623e-08,1.0,0.9999999787289183,True
lum2022_bootstrapCI,,brfss2024,BRFSS 2024,True,8978,flag,flag,flag,no_flag,flag,,,,,,0.0042388174290236,0.0042388174290236,0.0042388174290236,0.0004117043320138,0.0042388174290236,5,2,False,False,1,True,m20;m30;m50;ev10,,,,False
lum2022_cochranQ,,brfss2024,BRFSS 2024,True,8978,flag,flag,flag,no_flag,flag,9.131493365514983e-11,9.131493365514983e-11,9.131493365514983e-11,0.0764463923486292,9.131493365514983e-11,0.0042310845844194,0.0042310845844194,0.0042310845844194,0.0005524375641815,0.0042310845844194,5,2,False,False,1,True,m20;m30;m50;ev10,9.131493365514983e-11,0.0764463923486292,0.07644639225731427,True
permutation_null,joint,brfss2024,BRFSS 2024,True,8978,no_flag,no_flag,no_flag,no_flag,no_flag,0.0685931406859314,0.0685931406859314,0.0685931406859314,0.4668533146685331,0.0574942505749425,0.2237319476628514,0.2237319476628514,0.2237319476628514,0.1136802115936942,0.2237319476628514,5,1,True,True,0,False,,0.0574942505749425,0.4668533146685331,0.4093590640935906,False
diciccio2020,joint,adult_income,Adult Income,False,9045,flag,flag,flag,flag,flag,0.0040995900409959,0.0040995900409959,0.0040995900409959,9.999000099990002e-05,0.0006999300069993,8.706591908744587,8.706591908744587,8.706591908744587,8.706591908744587,8.706591908744587,5,1,True,True,0,False,m20;m30;m50;m100;ev10,9.999000099990002e-05,0.0040995900409959,0.003999600039996,False
fixed_threshold_005,,adult_income,Adult Income,False,9045,flag,flag,flag,flag,flag,,,,,,0.080809796535603,0.080809796535603,0.080809796535603,0.0672677724969119,0.080809796535603,5,1,True,True,0,False,m20;m30;m50;m100;ev10,,,,False
four_fifths,,adult_income,Adult Income,False,9045,no_flag,no_flag,no_flag,no_flag,no_flag,,,,,,0.9152090080375904,0.9152090080375904,0.9152090080375904,0.926262317889316,0.9152090080375904,5,1,True,True,0,False,,,,,False
lum2022,,adult_income,Adult Income,False,9045,flag,flag,flag,flag,flag,0.0,0.0,0.0,0.0,0.0,0.0022326304994004,0.0022326304994004,0.0022326304994004,0.0022326304994004,0.0022326304994004,5,1,True,True,0,False,m20;m30;m50;m100;ev10,0.0,0.0,0.0,False
lum2022_bootstrapCI,,adult_income,Adult Income,False,9045,no_flag,no_flag,no_flag,no_flag,no_flag,,,,,,0.0022326304994004,0.0022326304994004,0.0022326304994004,0.0022326304994004,0.0022326304994004,5,1,True,True,0,False,,,,,False
lum2022_cochranQ,,adult_income,Adult Income,False,9045,flag,flag,flag,flag,flag,9.39444158540906e-18,9.39444158540906e-18,9.39444158540906e-18,9.39444158540906e-18,9.39444158540906e-18,0.0022326304994004,0.0022326304994004,0.0022326304994004,0.0022326304994004,0.0022326304994004,5,1,True,True,0,False,m20;m30;m50;m100;ev10,9.39444158540906e-18,9.39444158540906e-18,0.0,False
permutation_null,joint,adult_income,Adult Income,False,9045,no_flag,no_flag,no_flag,flag,no_flag,0.3406659334066593,0.3406659334066593,0.3406659334066593,0.0082991700829917,0.1207879212078792,0.080809796535603,0.080809796535603,0.080809796535603,0.0672677724969116,0.080809796535603,5,2,False,False,1,True,m100,0.0082991700829917,0.3406659334066593,0.3323667633236676,True
diciccio2020,joint,nhis2023,NHIS 2023,True,5423,no_flag,no_flag,no_flag,flag,flag,0.2027797220277972,0.2027797220277972,0.0574942505749425,0.0182981701829817,0.0182981701829817,4.21815401486509,4.21815401486509,4.21815401486509,4.21815401486509,4.21815401486509,5,2,False,False,2,True,m100;ev10,0.0182981701829817,0.2027797220277972,0.18448155184481552,True
fixed_threshold_005,,nhis2023,NHIS 2023,True,5423,flag,flag,flag,flag,flag,,,,,,0.1290037831021435,0.1290037831021435,0.1280132462576684,0.1280132462576684,0.1280132462576684,5,1,True,True,0,False,m20;m30;m50;m100;ev10,,,,False
four_fifths,,nhis2023,NHIS 2023,True,5423,no_flag,no_flag,no_flag,no_flag,no_flag,,,,,,0.852166613928293,0.852166613928293,0.852166613928293,0.852166613928293,0.852166613928293,5,1,True,True,0,False,,,,,False
lum2022,,nhis2023,NHIS 2023,True,5423,no_flag,no_flag,no_flag,no_flag,no_flag,0.2078091915311638,0.2078091915311638,0.2078091915311638,0.2078091915311638,0.2078091915311638,0.0018292524095045,0.0018292524095045,0.0018292524095045,0.0018292524095045,0.0018292524095045,5,1,True,True,0,False,,0.2078091915311638,0.2078091915311638,0.0,False
lum2022_bootstrapCI,,nhis2023,NHIS 2023,True,5423,no_flag,no_flag,no_flag,no_flag,no_flag,,,,,,0.0018292524095045,0.0018292524095045,0.0018292524095045,0.0018292524095045,0.0018292524095045,5,1,True,True,0,False,,,,,False
lum2022_cochranQ,,nhis2023,NHIS 2023,True,5423,flag,flag,flag,flag,flag,0.0003751844920986,0.0003751844920986,0.0003751844920986,0.0003751844920986,0.0003751844920986,0.0026274140146266,0.0026274140146266,0.0026274140146266,0.0026274140146266,0.0026274140146266,5,1,True,True,0,False,m20;m30;m50;m100;ev10,0.0003751844920986,0.0003751844920986,0.0,False
permutation_null,joint,nhis2023,NHIS 2023,True,5423,no_flag,no_flag,no_flag,flag,flag,0.7422257774222578,0.7422257774222578,0.2243775622437756,0.0178982101789821,0.0178982101789821,0.1290037831021437,0.1290037831021437,0.1280132462576686,0.1280132462576686,0.1280132462576686,5,2,False,False,2,True,m100;ev10,0.0178982101789821,0.7422257774222578,0.7243275672432757,True
diciccio2020,joint,nhis2024,NHIS 2024,True,1950,flag,flag,flag,flag,no_flag,0.0381961803819618,0.0381961803819618,0.0381961803819618,0.0134986501349865,0.0581941805819418,7.721367123162472,7.721367123162472,7.721367123162472,7.721367123162472,3.5325973794956758,5,2,False,False,1,True,m20;m30;m50;m100,0.0134986501349865,0.0581941805819418,0.044695530446955296,True
fixed_threshold_005,,nhis2024,NHIS 2024,True,1950,flag,flag,flag,flag,flag,,,,,,0.3279162152401589,0.3279162152401589,0.3279162152401589,0.3279162152401589,0.1809403305144472,5,1,True,True,0,False,m20;m30;m50;m100;ev10,,,,False
four_fifths,,nhis2024,NHIS 2024,True,1950,flag,flag,flag,flag,flag,,,,,,0.6645578388362965,0.6645578388362965,0.6645578388362965,0.6645578388362965,0.7953507100677353,5,1,True,True,0,False,m20;m30;m50;m100;ev10,,,,False
lum2022,,nhis2024,NHIS 2024,True,1950,no_flag,no_flag,no_flag,no_flag,flag,0.5987670094166433,0.5987670094166433,0.5987670094166433,0.5987670094166433,7.932734896832387e-07,0.0100522855948663,0.0100522855948663,0.0100522855948663,0.0100522855948663,0.0068595727086433,5,2,False,False,1,True,ev10,7.932734896832387e-07,0.5987670094166433,0.5987662161431536,True
lum2022_bootstrapCI,,nhis2024,NHIS 2024,True,1950,no_flag,no_flag,no_flag,no_flag,no_flag,,,,,,0.0100522855948663,0.0100522855948663,0.0100522855948663,0.0100522855948663,0.0068595727086433,5,1,True,True,0,False,,,,,False
lum2022_cochranQ,,nhis2024,NHIS 2024,True,1950,flag,flag,flag,flag,flag,3.793389522789561e-13,3.793389522789561e-13,3.793389522789561e-13,3.793389522789561e-13,0.0062504430511294,0.0136574859619717,0.0136574859619717,0.0136574859619717,0.0136574859619717,0.0069600581865696,5,1,True,True,0,False,m20;m30;m50;m100;ev10,3.793389522789561e-13,0.0062504430511294,0.006250443050750061,False
permutation_null,joint,nhis2024,NHIS 2024,True,1950,no_flag,no_flag,no_flag,no_flag,flag,0.0873912608739126,0.0873912608739126,0.0873912608739126,0.0626937306269373,0.0244975502449755,0.3279162152401589,0.3279162152401589,0.3279162152401589,0.3279162152401589,0.1809403305144474,5,2,False,False,1,True,ev10,0.0244975502449755,0.0873912608739126,0.06289371062893709,True
diciccio2020,joint,acs_income,ACS-Income,False,4000,flag,flag,flag,flag,flag,9.999000099990002e-05,9.999000099990002e-05,9.999000099990002e-05,9.999000099990002e-05,9.999000099990002e-05,4.372581773265076,4.372581773265076,4.372581773265076,4.372581773265076,4.372581773265076,5,1,True,True,0,False,m20;m30;m50;m100;ev10,9.999000099990002e-05,9.999000099990002e-05,0.0,False
fixed_threshold_005,,acs_income,ACS-Income,False,4000,flag,flag,flag,flag,flag,,,,,,0.0527297982155965,0.0527297982155965,0.0527297982155965,0.0527297982155965,0.0527297982155965,5,1,True,True,0,False,m20;m30;m50;m100;ev10,,,,False
four_fifths,,acs_income,ACS-Income,False,4000,no_flag,no_flag,no_flag,no_flag,no_flag,,,,,,0.9404566973243732,0.9404566973243732,0.9404566973243732,0.9404566973243732,0.9404566973243732,5,1,True,True,0,False,,,,,False
lum2022,,acs_income,ACS-Income,False,4000,flag,flag,flag,flag,flag,2.096137628793535e-37,2.096137628793535e-37,2.096137628793535e-37,2.096137628793535e-37,2.096137628793535e-37,0.001317503767662,0.001317503767662,0.001317503767662,0.001317503767662,0.001317503767662,5,1,True,True,0,False,m20;m30;m50;m100;ev10,2.096137628793535e-37,2.096137628793535e-37,0.0,False
lum2022_bootstrapCI,,acs_income,ACS-Income,False,4000,no_flag,no_flag,no_flag,no_flag,no_flag,,,,,,0.001317503767662,0.001317503767662,0.001317503767662,0.001317503767662,0.001317503767662,5,1,True,True,0,False,,,,,False
lum2022_cochranQ,,acs_income,ACS-Income,False,4000,flag,flag,flag,flag,flag,3.68357409951832e-05,3.68357409951832e-05,3.68357409951832e-05,3.68357409951832e-05,3.68357409951832e-05,0.001317503767662,0.001317503767662,0.001317503767662,0.001317503767662,0.001317503767662,5,1,True,True,0,False,m20;m30;m50;m100;ev10,3.68357409951832e-05,3.68357409951832e-05,0.0,False
permutation_null,joint,acs_income,ACS-Income,False,4000,flag,flag,flag,flag,flag,9.999000099990002e-05,9.999000099990002e-05,9.999000099990002e-05,9.999000099990002e-05,9.999000099990002e-05,0.0527297982155965,0.0527297982155965,0.0527297982155965,0.0527297982155965,0.0527297982155965,5,1,True,True,0,False,m20;m30;m50;m100;ev10,9.999000099990002e-05,9.999000099990002e-05,0.0,False
diciccio2020,joint,synthetic,Synthetic baseline,False,2000,flag,flag,flag,flag,flag,0.0141985801419858,0.0141985801419858,0.0141985801419858,0.0057994200579942,0.0141985801419858,5.22381195883058,5.22381195883058,5.22381195883058,5.22381195883058,5.22381195883058,5,1,True,True,0,False,m20;m30;m50;m100;ev10,0.0057994200579942,0.0141985801419858,0.008399160083991601,False
fixed_threshold_005,,synthetic,Synthetic baseline,False,2000,no_flag,no_flag,no_flag,no_flag,no_flag,,,,,,0.0455548005979318,0.0455548005979318,0.0455548005979318,0.0455548005979318,0.0455548005979318,5,1,True,True,0,False,,,,,False
four_fifths,,synthetic,Synthetic baseline,False,2000,no_flag,no_flag,no_flag,no_flag,no_flag,,,,,,0.9534818534356028,0.9534818534356028,0.9534818534356028,0.9534818534356028,0.9534818534356028,5,1,True,True,0,False,,,,,False
lum2022,,synthetic,Synthetic baseline,False,2000,flag,flag,flag,flag,flag,0.0001207604537869,0.0001207604537869,0.0001207604537869,0.0001207604537869,0.0001207604537869,0.000406771644575,0.000406771644575,0.000406771644575,0.000406771644575,0.000406771644575,5,1,True,True,0,False,m20;m30;m50;m100;ev10,0.0001207604537869,0.0001207604537869,0.0,False
lum2022_bootstrapCI,,synthetic,Synthetic baseline,False,2000,no_flag,no_flag,no_flag,no_flag,no_flag,,,,,,0.000406771644575,0.000406771644575,0.000406771644575,0.000406771644575,0.000406771644575,5,1,True,True,0,False,,,,,False
lum2022_cochranQ,,synthetic,Synthetic baseline,False,2000,flag,flag,flag,flag,flag,1.908456470959373e-05,1.908456470959373e-05,1.908456470959373e-05,1.908456470959373e-05,1.908456470959373e-05,0.0004663496001289,0.0004663496001289,0.0004663496001289,0.0004663496001289,0.0004663496001289,5,1,True,True,0,False,m20;m30;m50;m100;ev10,1.908456470959373e-05,1.908456470959373e-05,0.0,False
permutation_null,joint,synthetic,Synthetic baseline,False,2000,no_flag,no_flag,no_flag,no_flag,no_flag,0.1650834916508349,0.1650834916508349,0.1650834916508349,0.0781921807819218,0.1650834916508349,0.0455548005979318,0.0455548005979318,0.0455548005979318,0.0455548005979318,0.0455548005979318,5,1,True,True,0,False,,0.0781921807819218,0.1650834916508349,0.08689131086891311,False
diciccio2020,joint,nhanes2123,NHANES 21-23,True,820,no_flag,no_flag,no_flag,no_flag,no_flag,0.342965703429657,0.342965703429657,0.342965703429657,0.0907909209079092,0.2502749725027497,2.8045419932322453,2.8045419932322453,2.8045419932322453,2.5985920914917893,2.425935738169573,5,1,True,True,0,False,,0.0907909209079092,0.342965703429657,0.2521747825217478,False
fixed_threshold_005,,nhanes2123,NHANES 21-23,True,820,flag,flag,flag,flag,no_flag,,,,,,0.0748440748440747,0.0748440748440747,0.0748440748440747,0.0748440748440747,0.0464975845410629,5,2,False,False,1,True,m20;m30;m50;m100,,,,False
four_fifths,,nhanes2123,NHANES 21-23,True,820,no_flag,no_flag,no_flag,no_flag,no_flag,,,,,,0.9251559251559252,0.9251559251559252,0.9251559251559252,0.9251559251559252,0.9531630170316302,5,1,True,True,0,False,,,,,False
lum2022,,nhanes2123,NHANES 21-23,True,820,flag,flag,flag,no_flag,no_flag,2.412473760130661e-06,2.412473760130661e-06,2.412473760130661e-06,0.1953276079298468,0.932838355411452,0.0005210117821264,0.0005210117821264,0.0005210117821264,0.0005210117821264,0.0001637341310467,5,2,False,False,2,True,m20;m30;m50,2.412473760130661e-06,0.932838355411452,0.9328359429376919,True
lum2022_bootstrapCI,,nhanes2123,NHANES 21-23,True,820,no_flag,no_flag,no_flag,no_flag,no_flag,,,,,,0.0005210117821264,0.0005210117821264,0.0005210117821264,0.0005210117821264,0.0001637341310467,5,1,True,True,0,False,,,,,False
lum2022_cochranQ,,nhanes2123,NHANES 21-23,True,820,flag,flag,flag,no_flag,no_flag,0.0201552493605719,0.0201552493605719,0.0201552493605719,0.5510583055312778,0.1542819182661142,0.0,0.0,0.0,0.0,0.0003094315872708,5,2,False,False,2,True,m20;m30;m50,0.0201552493605719,0.5510583055312778,0.5309030561707059,True
permutation_null,joint,nhanes2123,NHANES 21-23,True,820,no_flag,no_flag,no_flag,no_flag,no_flag,0.3093690630936906,0.3093690630936906,0.3093690630936906,0.0954904509549045,0.5480451954804519,0.0748440748440748,0.0748440748440748,0.0748440748440748,0.0748440748440748,0.0464975845410627,5,1,True,True,0,False,,0.0954904509549045,0.5480451954804519,0.45255474452554745,False
diciccio2020,joint,german_credit,German Credit,False,200,no_flag,no_flag,no_flag,not_evaluable,no_flag,0.9288071192880712,0.9288071192880712,0.9288071192880712,,0.9288071192880712,0.3336285180476114,0.3336285180476114,0.3336285180476114,,0.3336285180476114,4,1,True,False,0,False,,0.9288071192880712,0.9288071192880712,0.0,False
fixed_threshold_005,,german_credit,German Credit,False,200,no_flag,no_flag,no_flag,not_evaluable,no_flag,,,,,,0.0291394369197572,0.0291394369197572,0.0291394369197572,,0.0291394369197572,4,1,True,False,0,False,,,,,False
four_fifths,,german_credit,German Credit,False,200,no_flag,no_flag,no_flag,not_evaluable,no_flag,,,,,,0.9577677224736048,0.9577677224736048,0.9577677224736048,,0.9577677224736048,4,1,True,False,0,False,,,,,False
lum2022,,german_credit,German Credit,False,200,no_flag,no_flag,no_flag,not_evaluable,no_flag,1.0,1.0,1.0,,1.0,-0.0033896687444364,-0.0033896687444364,-0.0033896687444364,,-0.0033896687444364,4,1,True,False,0,False,,1.0,1.0,0.0,False
lum2022_bootstrapCI,,german_credit,German Credit,False,200,no_flag,no_flag,no_flag,not_evaluable,no_flag,,,,,,-0.0033896687444364,-0.0033896687444364,-0.0033896687444364,,-0.0033896687444364,4,1,True,False,0,False,,,,,False
lum2022_cochranQ,,german_credit,German Credit,False,200,no_flag,no_flag,no_flag,not_evaluable,no_flag,1.0,1.0,1.0,,1.0,0.0,0.0,0.0,,0.0,4,1,True,False,0,False,,1.0,1.0,0.0,False
permutation_null,joint,german_credit,German Credit,False,200,no_flag,no_flag,no_flag,not_evaluable,no_flag,0.9357064293570644,0.9357064293570644,0.9357064293570644,,0.9357064293570644,0.0291394369197572,0.0291394369197572,0.0291394369197572,,0.0291394369197572,4,1,True,False,0,False,,0.9357064293570644,0.9357064293570644,0.0,False
diciccio2020,joint,uci_heart,UCI Heart,True,61,not_evaluable,not_evaluable,not_evaluable,not_evaluable,not_evaluable,,,,,,,,,,,0,0,True,True,0,False,,,,,False
fixed_threshold_005,,uci_heart,UCI Heart,True,61,not_evaluable,not_evaluable,not_evaluable,not_evaluable,not_evaluable,,,,,,,,,,,0,0,True,True,0,False,,,,,False
four_fifths,,uci_heart,UCI Heart,True,61,not_evaluable,not_evaluable,not_evaluable,not_evaluable,not_evaluable,,,,,,,,,,,0,0,True,True,0,False,,,,,False
lum2022,,uci_heart,UCI Heart,True,61,not_evaluable,not_evaluable,not_evaluable,not_evaluable,not_evaluable,,,,,,,,,,,0,0,True,True,0,False,,,,,False
lum2022_bootstrapCI,,uci_heart,UCI Heart,True,61,not_evaluable,not_evaluable,not_evaluable,not_evaluable,not_evaluable,,,,,,,,,,,0,0,True,True,0,False,,,,,False
lum2022_cochranQ,,uci_heart,UCI Heart,True,61,not_evaluable,not_evaluable,not_evaluable,not_evaluable,not_evaluable,,,,,,,,,,,0,0,True,True,0,False,,,,,False
permutation_null,joint,uci_heart,UCI Heart,True,61,not_evaluable,not_evaluable,not_evaluable,not_evaluable,not_evaluable,,,,,,,,,,,0,0,True,True,0,False,,,,,False
